Workbook

Sheet MDS
A1: Especies | B1: MDS1 | C1: MDS2 | D1: group$ | E1: pc1xDM | F1: fisherpc1DM | G1: pc2xDM | H1: fisherpc2DM | I1: pc3xDM | J1: fisherpc3DM | K1: pc4xDM | L1: fisherpc4DM
A2: Cercocebus_agilis | B2: 0.34952679 | C2: -1.905893 | D2: Cata | E2: 0.97208867 | F2: 2.1289079 | G2: 0.057279086 | H2: 0.057341852 | I2: 0.090732751 | J2: 0.090982971 | K2: 0.040932082 | L2: 0.040954965
A3: Cercocebus_torquatus | B3: -2.6886634 | C3: -1.5184778 | D3: Cata | E3: 0.9610362 | F3: 1.9592977 | G3: 0.17668228 | H3: 0.17855598 | I3: 0.033192829 | J3: 0.033205027 | K3: 0.060420846 | L3: 0.060494534
A4: Cercopithecus_ascanius | B4: -0.6634824 | C4: 1.5267536 | D4: Cata | E4: 0.91879624 | F4: 1.5812459 | G4: 0.065879393 | H4: 0.065974949 | I4: 0.11341955 | J4: 0.11390968 | K4: 0.1007399 | L4: 0.10108278
A5: Cercopithecus_campbelli | B5: -4.1055763 | C5: -0.29520283 | D5: Cata | E5: 0.93167283 | F5: 1.6709171 | G5: 0.02183641 | H5: 0.021839882 | I5: 0.052330097 | J5: 0.052377943 | K5: 0.11745231 | L5: 0.11799691
A6: Cercopithecus_cephus | B6: -4.2892419 | C6: -1.2594717 | D6: Cata | E6: 0.94598837 | F6: 1.7921629 | G6: 0.018167296 | H6: 0.018169296 | I6: 0.015172436 | J6: 0.0151736 | K6: 0.022579832 | L6: 0.022583671
A7: Cercopithecus_diana | B7: -3.5101845 | C7: -1.0810654 | D7: Cata | E7: 0.93798439 | F7: 1.7210088 | G7: 0.11417663 | H7: 0.11467669 | I7: 0.0058551858 | J7: 0.0058552527 | K7: 0.081076246 | L7: 0.081254598
A8: Cercopithecus_mitis | B8: -4.0343011 | C8: -1.201553 | D8: Cata | E8: 0.95139134 | F8: 1.8462481 | G8: 0.032966291 | H8: 0.032978241 | I8: 0.038104559 | J8: 0.038123017 | K8: 0.1065659 | L8: 0.10697207
A9: Cercopithecus_neglectus | B9: 7.2934815 | C9: 3.0721741 | D9: Cata | E9: 0.96459666 | F9: 2.0081181 | G9: 0.024300347 | H9: 0.024305132 | I9: 0.0081674036 | J9: 0.0081675852 | K9: 0.048818109 | L9: 0.048856946
A10: Cercopithecus_nictitans | B10: -3.4621929 | C10: 1.6981501 | D10: Cata | E10: 0.9559107 | F10: 1.896197 | G10: 0.036484754 | H10: 0.036500956 | I10: 0.0035380677 | J10: 0.0035380825 | K10: 0.046803025 | L10: 0.046837245
A11: Chlorocebus_aethiops | B11: 0.057527724 | C11: -1.6151138 | D11: Cata | E11: 0.96924619 | F11: 2.079696 | G11: 0.051754114 | H11: 0.051800396 | I11: 0.012712147 | J11: 0.012712832 | K11: 0.052201481 | L11: 0.052248975
A12: Colobus_angolensis | B12: -2.7600478 | C12: -1.4498801 | D12: Cata | E12: 0.86669531 | F12: 1.3196438 | G12: 0.2283145 | H12: 0.23241055 | I12: 0.11029653 | J12: 0.11074708 | K12: 0.10902937 | L12: 0.10946451
A13: Colobus_guereza | B13: -2.765581 | C13: -1.4516877 | D13: Cata | E13: 0.96263317 | F13: 1.9806294 | G13: 0.037832836 | H13: 0.037850902 | I13: 0.051057243 | J13: 0.051101678 | K13: 0.045662788 | L13: 0.045694565
... A65: Saimiri_sciureus | B65: -1.3664339 | C65: -1.8430496 | D65: Platy | E65: 0.90910884 | F65: 1.5223645 | G65: 0.22586341 | H65: 0.22982619 | I65: 0.0945653 | J65: 0.094848709 | K65: 0.15905144 | L65: 0.16041337

Sheet W matrices
A1: W NWM | DZ1: Autovalores | EA1: Autovetores
B2: 0.28788201 | C2: 0 | D2: 0 | E2: 0 | F2: 0 | G2: 0 | H2: 0 | I2: 0 | J2: 0 | K2: 0 | L2: 0 | M2: 0 | N2: 0 | O2: 0 | P2: 0 | Q2: 0 | R2: 0 | S2: 0 | T2: 0 | U2: 0 | V2: 0 | W2: 0 | X2: 0 | Y2: 0 | Z2: 0 | AA2: 0 | AB2: 0 | AC2: 0 | AD2: 0 | AE2: 0 | AF2: 0 | AG2: 0 | AH2: 0 | AI2: 0 | AJ2: 0 | AK2: 0 | AL2: 0 | AM2: 0 | AN2: 0 | AQ2: 0.28788201 | AR2: 0.29577533 | AS2: 0.52556544 | AT2: 0.19094259 | AU2: 0.22925861 | AV2: 0.23435357 | AW2: 0.08156975 | AX2: 0.22559868 | AY2: 0.35352581 | AZ2: 0.26921205 | BA2: 0.22315948 | BB2: 0.23538403 | BC2: 0.14482896 | BD2: 0.088960172 | BE2: 0.173228 | BF2: 0.15150791 | BG2: 0.32035219 | BH2: 0.22512874 | BI2: 0.22869586 | BJ2: 0.06888546 | BK2: 0.079856382 | BL2: 0.31227038 | BM2: 0.14618714 | BN2: 0.17072622 | BO2: 0.28132814 | BP2: 0.2832201 | BQ2: 0.15808195 | BR2: 0.24606758 | BS2: 0.17948043 | BT2: 0.08208066 | BU2: 0.18941174 | BV2: 0.22308558 | BW2: 0.21949511 | BX2: 0.10879614 | BY2: 0.13496531 | BZ2: 0.094750917 | CA2: 0.28824248 | CB2: 0.15078325 | CC2: 0.032221882 | CJ2: 0.28788201 | CK2: 0.29577533 | CL2: 0.52556544 | CM2: 0.19094259 | CN2: 0.22925861 | CO2: 0.23435357 | CP2: 0.08156975 | CQ2: 0.22559868 | CR2: 0.35352581 | CS2: 0.26921205 | CT2: 0.22315948 | CU2: 0.23538403 | CV2: 0.14482896 | CW2: 0.088960172 | CX2: 0.173228 | CY2: 0.15150791 | CZ2: 0.32035219 | DA2: 0.22512874 | DB2: 0.22869586 | DC2: 0.06888546 | DD2: 0.079856382 | DE2: 0.31227038 | DF2: 0.14618714 | DG2: 0.17072622 | DH2: 0.28132814 | DI2: 0.2832201 | DJ2: 0.15808195 | DK2: 0.24606758 | DL2: 0.17948043 | DM2: 0.08208066 | DN2: 0.18941174 | DO2: 0.22308558 | DP2: 0.21949511 | DQ2: 0.10879614 | DR2: 0.13496531 | DS2: 0.094750917 | DT2: 0.28824248 | DU2: 0.15078325 | DV2: 0.032221882 | DY2: Pc1 | DZ2: 21.055275 | EA2: 0.062099753 | EB2: 0.13014064 | EC2: 0.22234112 | ED2: 0.15289651 | EE2: 0.17098693 | EF2: 0.12103849 | EG2: 0.076366945 | EH2: 0.11887911 | EI2: 0.21051194 | EJ2: 0.21270414 | EK2: 0.1211035 | EL2: 0.16887427 | EM2: 0.12164198 | EN2: 0.11925752 | EO2: 0.033286418 | EP2: 0.19750947 | EQ2: 0.31990284 | ER2: 0.26139319 | ES2: 0.28030662 | ET2: 0.15666048 | EU2: 0.056960844 | EV2: 0.21808215 | EW2: 0.11266509 | EX2: 0.11841584 | EY2: 0.18639489 | EZ2: 0.21037724 | FA2: 0.087880713 | FB2: 0.14641225 | FC2: 0.13118178 | FD2: 0.045440761 | FE2: 0.12081288 | FF2: 0.13916351 | FG2: 0.16321458 | FH2: 0.053008167 | FI2: 0.066668716 | FJ2: 0.071244884 | FK2: 0.28281374 | FL2: 0.094452909 | FM2: 0.0096500671
B3: 0.29577533 | C3: 1.4976137 | AQ3: 0 | AR3: 1.4976137 | AS3: 0.97195511 | AT3: 0.70101888 | AU3: 0.61157404 | AV3: 0.45003988 | AW3: -0.21364916 | AX3: 0.24784203 | AY3: 0.60701966 | AZ3: 0.41966795 | BA3: 0.39101128 | BB3: 0.49117256 | BC3: 0.18400557 | BD3: 0.20169018 | BE3: 0.43393911 | BF3: 0.20717132 | BG3: 0.58509222 | BH3: 0.42200266 | BI3: 0.52934194 | BJ3: 0.086711415 | BK3: 0.25421859 | BL3: 0.771932 | BM3: 0.27963989 | BN3: 0.41055022 | BO3: 0.67226819 | BP3: 0.72454799 | BQ3: 0.33001503 | BR3: 0.66062078 | BS3: 0.39551287 | BT3: 0.084466012 | BU3: 0.3168544 | BV3: 0.56836818 | BW3: 0.55420368 | BX3: 0.04520859 | BY3: 0.2099546 | BZ3: -0.024504149 | CA3: 0.56575177 | CB3: 0.18940813 | CC3: 0.031877153 | CJ3: 0.29577533 | CK3: 1.4976137 | CL3: 0.97195511 | CM3: 0.70101888 | CN3: 0.61157404 | CO3: 0.45003988 | CP3: -0.21364916 | CQ3: 0.24784203 | CR3: 0.60701966 | CS3: 0.41966795 | CT3: 0.39101128 | CU3: 0.49117256 | CV3: 0.18400557 | CW3: 0.20169018 | CX3: 0.43393911 | CY3: 0.20717132 | CZ3: 0.58509222 | DA3: 0.42200266 | DB3: 0.52934194 | DC3: 0.086711415 | DD3: 0.25421859 | DE3: 0.771932 | DF3: 0.27963989 | DG3: 0.41055022 | DH3: 0.67226819 | DI3: 0.72454799 | DJ3: 0.33001503 | DK3: 0.66062078 | DL3: 0.39551287 | DM3: 0.084466012 | DN3: 0.3168544 | DO3: 0.56836818 | DP3: 0.55420368 | DQ3: 0.04520859 | DR3: 0.2099546 | DS3: -0.024504149 | DT3: 0.56575177 | DU3: 0.18940813 | DV3: 0.031877153 | DY3: PC2 | DZ3: 8.4418858 | EA3: 0.01230248 | EB3: 0.017436116 | EC3: 0.041574886 | ED3: 0.023134787 | EE3: 0.028237828 | EF3: 0.034373793 | EG3: 0.0010029077 | EH3: 0.011105899 | EI3: 0.029511961 | EJ3: 0.53712555 | EK3: 0.012366716 | EL3: 0.02536809 | EM3: 0.39853125 | EN3: 0.12962132 | EO3: 0.13346641 | EP3: -0.13806321 | EQ3: -0.13749065 | ER3: -0.1502982 | ES3: -0.17836541 | ET3: -0.18563089 | EU3: -0.0019787545 | EV3: 0.025240452 | EW3: 0.022837284 | EX3: 0.016074334 | EY3: 0.0029434842 | EZ3: 0.0092405994 | FA3: 0.012127308 | FB3: 0.0065724601 | FC3: -0.00087460014 | FD3: 0.014636053 | FE3: 0.020729421 | FF3: 0.018434132 | FG3: 0.0030042413 | FH3: 0.097971369 | FI3: -0.58365565 | FJ3: 0.144597 | FK3: -0.10317527 | FL3: 0.0081266682 | FM3: 0.01288237
B4: 0.52556544 | C4: 0.97195511 | D4: 2.4674588 | AQ4: 0 | AR4: 0 | AS4: 2.4674588 | AT4: 0.97906396 | AU4: 1.1059457 | AV4: 0.9492222 | AW4: 0.39493442 | AX4: 0.68021466 | AY4: 1.1813304 | AZ4: 0.82781401 | BA4: 0.67492121 | BB4: 1.0775111 | BC4: 0.4473199 | BD4: 0.33282697 | BE4: 0.58713485 | BF4: 0.52058989 | BG4: 1.1318878 | BH4: 0.78523229 | BI4: 0.81560533 | BJ4: 0.21319549 | BK4: 0.24826763 | BL4: 1.1066465 | BM4: 0.62180616 | BN4: 0.57884508 | BO4: 0.98216086 | BP4: 1.0818818 | BQ4: 0.5298517 | BR4: 0.18208902 | BS4: 0.63284749 | BT4: 0.19791445 | BU4: 0.64536092 | BV4: 0.7313321 | BW4: 0.79402954 | BX4: 0.39209742 | BY4: 0.43042457 | BZ4: 0.34889442 | CA4: 0.96629306 | CB4: 0.49681075 | CC4: 0.085031804 | CJ4: 0.52556544 | CK4: 0.97195511 | CL4: 2.4674588 | CM4: 0.97906396 | CN4: 1.1059457 | CO4: 0.9492222 | CP4: 0.39493442 | CQ4: 0.68021466 | CR4: 1.1813304 | CS4: 0.82781401 | CT4: 0.67492121 | CU4: 1.0775111 | CV4: 0.4473199 | CW4: 0.33282697 | CX4: 0.58713485 | CY4: 0.52058989 | CZ4: 1.1318878 | DA4: 0.78523229 | DB4: 0.81560533 | DC4: 0.21319549 | DD4: 0.24826763 | DE4: 1.1066465 | DF4: 0.62180616 | DG4: 0.57884508 | DH4: 0.98216086 | DI4: 1.0818818 | DJ4: 0.5298517 | DK4: 0.18208902 | DL4: 0.63284749 | DM4: 0.19791445 | DN4: 0.64536092 | DO4: 0.7313321 | DP4: 0.79402954 | DQ4: 0.39209742 | DR4: 0.43042457 | DS4: 0.34889442 | DT4: 0.96629306 | DU4: 0.49681075 | DV4: 0.085031804 | DZ4: 7.6284905 | EA4: -0.049114869 | EB4: -0.14017355 | EC4: -0.1917338 | ED4: -0.15524581 | EE4: -0.1528162 | EF4: -0.09153793 | EG4: -0.044524651 | EH4: -0.092209614 | EI4: -0.15610194 | EJ4: 0.11218972 | EK4: -0.064166622 | EL4: -0.087946061 | EM4: 0.11688394 | EN4: 0.010839042 | EO4: -0.35992727 | EP4: 0.29314595 | EQ4: 0.23490499 | ER4: 0.26217368 | ES4: 0.21698326 | ET4: 0.37403411 | EU4: 0.0090398129 | EV4: -0.12698509 | EW4: -0.083705966 | EX4: -0.086333953 | EY4: -0.064695795 | EZ4: -0.18180004 | FA4: -0.052094774 | FB4: -0.10914211 | FC4: -0.067813795 | FD4: -0.0097675164 | FE4: -0.044850802 | FF4: -0.13876816 | FG4: -0.12662544 | FH4: 0.0024573519 | FI4: -0.36484787 | FJ4: 0.05237169 | FK4: 0.1534536 | FL4: -0.044222311 | FM4: -1.1679504e-05
B5: 0.19094259 | C5: 0.70101888 | D5: 0.97906396 | E5: 1.378421 | AQ5: 0 | AR5: 0 | AS5: 0 | AT5: 1.378421 | AU5: 0.91820281 | AV5: 0.57603503 | AW5: 0.44761389 | AX5: 0.86293525 | AY5: 0.81851636 | AZ5: 0.56275642 | BA5: 0.50464835 | BB5: 0.58141 | BC5: 0.28381878 | BD5: 0.27118553 | BE5: 0.38984386 | BF5: 0.27857859 | BG5: 0.69432571 | BH5: 0.50160527 | BI5: 0.60497673 | BJ5: 0.10542846 | BK5: -0.18831637 | BL5: 0.77889403 | BM5: 0.3319135 | BN5: 0.46392601 | BO5: 0.6049039 | BP5: 0.75003197 | BQ5: 0.33987703 | BR5: 0.6757587 | BS5: 0.46499594 | BT5: 0.14445926 | BU5: 0.37293839 | BV5: 0.58648265 | BW5: 0.61082471 | BX5: 0.16264634 | BY5: 0.35154471 | BZ5: 0.14597289 | CA5: 0.65087992 | CB5: 0.29121547 | CC5: -0.0034823844 | CJ5: 0.19094259 | CK5: 0.70101888 | CL5: 0.97906396 | CM5: 1.378421 | CN5: 0.91820281 | CO5: 0.57603503 | CP5: 0.44761389 | CQ5: 0.86293525 | CR5: 0.81851636 | CS5: 0.56275642 | CT5: 0.50464835 | CU5: 0.58141 | CV5: 0.28381878 | CW5: 0.27118553 | CX5: 0.38984386 | CY5: 0.27857859 | CZ5: 0.69432571 | DA5: 0.50160527 | DB5: 0.60497673 | DC5: 0.10542846 | DD5: -0.18831637 | DE5: 0.77889403 | DF5: 0.3319135 | DG5: 0.46392601 | DH5: 0.6049039 | DI5: 0.75003197 | DJ5: 0.33987703 | DK5: 0.6757587 | DL5: 0.46499594 | DM5: 0.14445926 | DN5: 0.37293839 | DO5: 0.58648265 | DP5: 0.61082471 | DQ5: 0.16264634 | DR5: 0.35154471 | DS5: 0.14597289 | DT5: 0.65087992 | DU5: 0.29121547 | DV5: -0.0034823844 | DZ5: 3.8851927 | EA5: 0.00063774341 | EB5: 0.14029895 | EC5: -0.047451448 | ED5: -0.00160186 | EE5: -0.18937457 | EF5: -0.085485135 | EG5: -0.074139307 | EH5: -0.039094522 | EI5: -0.16343979 | EJ5: 0.013951404 | EK5: -0.013104414 | EL5: -0.054607278 | EM5: -0.23149741 | EN5: -0.23627701 | EO5: 0.10384848 | EP5: -0.052301549 | EQ5: -0.041171728 | ER5: 0.018884996 | ES5: 0.20668412 | ET5: 0.0062919457 | EU5: 0.089074089 | EV5: 0.079318333 | EW5: -0.13708209 | EX5: -0.00893851 | EY5: 0.38626737 | EZ5: 0.31532959 | FA5: 0.034475746 | FB5: 0.16780436 | FC5: 0.019318795 | FD5: -0.026405258 | FE5: -0.032578191 | FF5: 0.048178249 | FG5: 0.17179071 | FH5: -0.26320162 | FI5: -0.36766602 | FJ5: -0.40326734 | FK5: -0.098349831 | FL5: -0.090491811 | FM5: -0.0086173831
B6: 0.22925861 | C6: 0.61157404 | D6: 1.1059457 | E6: 0.91820281 | F6: 1.6606166 | AQ6: 0 | AR6: 0 | AS6: 0 | AT6: 0 | AU6: 1.6606166 | AV6: 0.73215126 | AW6: 0.34680851 | AX6: 0.6069518 | AY6: 1.4997598 | AZ6: 0.65674393 | BA6: 0.4740838 | BB6: 0.65687069 | BC6: 0.3197238 | BD6: 0.34113924 | BE6: 0.41262888 | BF6: 0.37875601 | BG6: 0.82886038 | BH6: 0.61387774 | BI6: 0.66839607 | BJ6: 0.18166238 | BK6: 0.10476645 | BL6: 0.83775942 | BM6: 0.91927999 | BN6: 0.65852657 | BO6: 0.062437226 | BP6: 0.47800348 | BQ6: 0.3513697 | BR6: 0.64220254 | BS6: 0.50200183 | BT6: 0.18484931 | BU6: 0.44544432 | BV6: 0.51569684 | BW6: 0.59817429 | BX6: 0.21228118 | BY6: 0.38229033 | BZ6: 0.24011147 | CA6: 0.7792046 | CB6: 0.38541738 | CC6: 0.015597554 | CJ6: 0.22925861 | CK6: 0.61157404 | CL6: 1.1059457 | CM6: 0.91820281 | CN6: 1.6606166 | CO6: 0.73215126 | CP6: 0.34680851 | CQ6: 0.6069518 | CR6: 1.4997598 | CS6: 0.65674393 | CT6: 0.4740838 | CU6: 0.65687069 | CV6: 0.3197238 | CW6: 0.34113924 | CX6: 0.41262888 | CY6: 0.37875601 | CZ6: 0.82886038 | DA6: 0.61387774 | DB6: 0.66839607 | DC6: 0.18166238 | DD6: 0.10476645 | DE6: 0.83775942 | DF6: 0.91927999 | DG6: 0.65852657 | DH6: 0.062437226 | DI6: 0.47800348 | DJ6: 0.3513697 | DK6: 0.64220254 | DL6: 0.50200183 | DM6: 0.18484931 | DN6: 0.44544432 | DO6: 0.51569684 | DP6: 0.59817429 | DQ6: 0.21228118 | DR6: 0.38229033 | DS6: 0.24011147 | DT6: 0.7792046 | DU6: 0.38541738 | DV6: 0.015597554 | DZ6: 3.4104933 | EA6: -0.016526222 | EB6: -0.016607557 | EC6: -0.1771004 | ED6: -0.093720708 | EE6: -0.19321202 | EF6: -0.07890094 | EG6: -0.16638021 | EH6: -0.088951591 | EI6: -0.19519125 | EJ6: 0.36410613 | EK6: 0.0046690452 | EL6: -0.11809229 | EM6: 0.3628888 | EN6: 0.23139569 | EO6: 0.01565912 | EP6: -0.0072497392 | EQ6: 0.0031445262 | ER6: 0.016642167 | ES6: -0.13169512 | ET6: -0.067212854 | EU6: 0.036556084 | EV6: -0.029888383 | EW6: -0.14657975 | EX6: -0.032798972 | EY6: 0.11000843 | EZ6: 0.037159245 | FA6: 0.0039600271 | FB6: 0.092176901 | FC6: -0.021079407 | FD6: 0.008668346 | FE6: 0.0097107194 | FF6: 0.039855774 | FG6: -0.034918495 | FH6: -0.13052846 | FI6: 0.50082631 | FJ6: -0.34665666 | FK6: 0.2090834 | FL6: -0.0061448125 | FM6: 0.076398439
B7: 0.23435357 | C7: 0.45003988 | D7: 0.9492222 | E7: 0.57603503 | F7: 0.73215126 | G7: 0.94270238 | AQ7: 0 | AR7: 0 | AS7: 0 | AT7: 0 | AU7: 0 | AV7: 0.94270238 | AW7: 0.22896893 | AX7: 0.39104661 | AY7: 0.70221951 | AZ7: 0.51267506 | BA7: 0.35875499 | BB7: 0.50650007 | BC7: 0.34250525 | BD7: 0.27099766 | BE7: 0.261748 | BF7: 0.30782415 | BG7: 0.6423791 | BH7: 0.43313272 | BI7: 0.40214799 | BJ7: 0.10455381 | BK7: 0.1124374 | BL7: 0.56667859 | BM7: 0.37738795 | BN7: 0.34413926 | BO7: 0.42413139 | BP7: 0.44927886 | BQ7: 0.23616967 | BR7: 0.38522588 | BS7: 0.3574028 | BT7: 0.15582966 | BU7: 0.36201872 | BV7: 0.32628516 | BW7: 0.34201211 | BX7: 0.25165004 | BY7: 0.21873489 | BZ7: 0.26566458 | CA7: 0.56111945 | CB7: 0.28356275 | CC7: 0.05966087 | CJ7: 0.23435357 | CK7: 0.45003988 | CL7: 0.9492222 | CM7: 0.57603503 | CN7: 0.73215126 | CO7: 0.94270238 | CP7: 0.22896893 | CQ7: 0.39104661 | CR7: 0.70221951 | CS7: 0.51267506 | CT7: 0.35875499 | CU7: 0.50650007 | CV7: 0.34250525 | CW7: 0.27099766 | CX7: 0.261748 | CY7: 0.30782415 | CZ7: 0.6423791 | DA7: 0.43313272 | DB7: 0.40214799 | DC7: 0.10455381 | DD7: 0.1124374 | DE7: 0.56667859 | DF7: 0.37738795 | DG7: 0.34413926 | DH7: 0.42413139 | DI7: 0.44927886 | DJ7: 0.23616967 | DK7: 0.38522588 | DL7: 0.3574028 | DM7: 0.15582966 | DN7: 0.36201872 | DO7: 0.32628516 | DP7: 0.34201211 | DQ7: 0.25165004 | DR7: 0.21873489 | DS7: 0.26566458 | DT7: 0.56111945 | DU7: 0.28356275 | DV7: 0.05966087 | DZ7: 3.2321673 | EA7: 0.0014691646 | EB7: -0.054709601 | EC7: 0.0054497558 | ED7: -0.087508013 | EE7: -0.28372374 | EF7: -0.032452978 | EG7: 0.020970075 | EH7: -0.055817744 | EI7: -0.22724095 | EJ7: -0.079794401 | EK7: 0.0066081756 | EL7: 0.025574965 | EM7: -0.031972874 | EN7: 0.2023541 | EO7: 0.052099233 | EP7: -0.0065904697 | EQ7: -0.0082763887 | ER7: -0.065611245 | ES7: 0.067152538 | ET7: -0.036532022 | EU7: 0.063808548 | EV7: 0.026763313 | EW7: -0.14807234 | EX7: -0.071100374 | EY7: 0.4944802 | EZ7: 0.21562533 | FA7: -9.8690282e-05 | FB7: -0.065699662 | FC7: 0.017883949 | FD7: 0.011317404 | FE7: 0.043574781 | FF7: -0.2743404 | FG7: 0.02009741 | FH7: 0.28166281 | FI7: 0.12870747 | FJ7: 0.52256973 | FK7: -0.10540419 | FL7: 0.066233444 | FM7: -0.031352317
B8: 0.08156975 | C8: -0.21364916 | D8: 0.39493442 | E8: 0.44761389 | F8: 0.34680851 | G8: 0.22896893 | H8: 1.597426 | AQ8: 0 | AR8: 0 | AS8: 0 | AT8: 0 | AU8: 0 | AV8: 0 | AW8: 1.597426 | AX8: 0.40849158 | AY8: 0.48132082 | AZ8: -0.072897514 | BA8: 0.12105921 | BB8: 0.63540725 | BC8: 0.26142719 | BD8: 0.1884868 | BE8: 0.10505124 | BF8: 0.19222494 | BG8: 0.38739333 | BH8: 0.31371295 | BI8: 0.32769441 | BJ8: 0.1052333 | BK8: 0.13151349 | BL8: 0.36976096 | BM8: 0.23811404 | BN8: 0.18253549 | BO8: 0.28286254 | BP8: 0.35839523 | BQ8: 0.10075386 | BR8: 0.29127638 | BS8: 0.22276374 | BT8: 0.090774139 | BU8: 0.20802044 | BV8: 0.21365829 | BW8: 0.23830321 | BX8: 0.17380109 | BY8: 0.015599052 | BZ8: 0.19514112 | CA8: 0.41281799 | CB8: 0.15218121 | CC8: 0.049081679 | CJ8: 0.08156975 | CK8: -0.21364916 | CL8: 0.39493442 | CM8: 0.44761389 | CN8: 0.34680851 | CO8: 0.22896893 | CP8: 1.597426 | CQ8: 0.40849158 | CR8: 0.48132082 | CS8: -0.072897514 | CT8: 0.12105921 | CU8: 0.63540725 | CV8: 0.26142719 | CW8: 0.1884868 | CX8: 0.10505124 | CY8: 0.19222494 | CZ8: 0.38739333 | DA8: 0.31371295 | DB8: 0.32769441 | DC8: 0.1052333 | DD8: 0.13151349 | DE8: 0.36976096 | DF8: 0.23811404 | DG8: 0.18253549 | DH8: 0.28286254 | DI8: 0.35839523 | DJ8: 0.10075386 | DK8: 0.29127638 | DL8: 0.22276374 | DM8: 0.090774139 | DN8: 0.20802044 | DO8: 0.21365829 | DP8: 0.23830321 | DQ8: 0.17380109 | DR8: 0.015599052 | DS8: 0.19514112 | DT8: 0.41281799 | DU8: 0.15218121 | DV8: 0.049081679 | DZ8: 2.5140368 | EA8: -0.035319937 | EB8: 0.0076592538 | EC8: -0.31602111 | ED8: -0.083399213 | EE8: -0.066073389 | EF8: -0.1145615 | EG8: -0.067882812 | EH8: -0.15804659 | EI8: -0.1041169 | EJ8: -0.044600795 | EK8: -0.091889078 | EL8: -0.12758064 | EM8: -0.11579682 | EN8: 0.15872079 | EO8: 0.1068057 | EP8: 0.043255665 | EQ8: 0.00061711237 | ER8: 0.036924981 | ES8: 0.013729797 | ET8: 0.041435643 | EU8: 0.098642483 | EV8: 0.10111495 | EW8: -0.016159775 | EX8: 0.085240909 | EY8: -0.31677986 | EZ8: 0.19347733 | FA8: -0.016173659 | FB8: 0.36973807 | FC8: -0.043297963 | FD8: -0.059494057 | FE8: -0.066778722 | FF8: 0.56124013 | FG8: 0.079936757 | FH8: 0.075988098 | FI8: -0.026210519 | FJ8: 0.32764323 | FK8: -0.032568785 | FL8: -0.0057438676 | FM8: -0.060842214
B9: 0.22559868 | C9: 0.24784203 | D9: 0.68021466 | E9: 0.86293525 | F9: 0.6069518 | G9: 0.39104661 | H9: 0.40849158 | I9: 1.1652557 | AQ9: 0 | AR9: 0 | AS9: 0 | AT9: 0 | AU9: 0 | AV9: 0 | AW9: 0 | AX9: 1.1652557 | AY9: 0.90378074 | AZ9: 0.44316238 | BA9: 0.57732054 | BB9: 0.48548012 | BC9: 0.24046816 | BD9: 0.12343861 | BE9: 0.15237618 | BF9: 0.26396185 | BG9: 0.59750796 | BH9: 0.44758381 | BI9: 0.4976934 | BJ9: 0.12290312 | BK9: -0.1824347 | BL9: 0.43360889 | BM9: 0.045434917 | BN9: 0.29975694 | BO9: 0.4815302 | BP9: 0.5300651 | BQ9: 0.25475046 | BR9: 0.40393195 | BS9: 0.37964889 | BT9: 0.15812724 | BU9: 0.32298137 | BV9: 0.35892671 | BW9: 0.45168982 | BX9: 0.16837669 | BY9: 0.264336 | BZ9: 0.1618536 | CA9: 0.56501083 | CB9: 0.24126435 | CC9: 0.034589144 | CJ9: 0.22559868 | CK9: 0.24784203 | CL9: 0.68021466 | CM9: 0.86293525 | CN9: 0.6069518 | CO9: 0.39104661 | CP9: 0.40849158 | CQ9: 1.1652557 | CR9: 0.90378074 | CS9: 0.44316238 | CT9: 0.57732054 | CU9: 0.48548012 | CV9: 0.24046816 | CW9: 0.12343861 | CX9: 0.15237618 | CY9: 0.26396185 | CZ9: 0.59750796 | DA9: 0.44758381 | DB9: 0.4976934 | DC9: 0.12290312 | DD9: -0.1824347 | DE9: 0.43360889 | DF9: 0.045434917 | DG9: 0.29975694 | DH9: 0.4815302 | DI9: 0.5300651 | DJ9: 0.25475046 | DK9: 0.40393195 | DL9: 0.37964889 | DM9: 0.15812724 | DN9: 0.32298137 | DO9: 0.35892671 | DP9: 0.45168982 | DQ9: 0.16837669 | DR9: 0.264336 | DS9: 0.1618536 | DT9: 0.56501083 | DU9: 0.24126435 | DV9: 0.034589144 | DZ9: 2.001614 | EA9: -0.024004899 | EB9: -0.26111447 | EC9: -0.17230507 | ED9: 0.2241517 | EE9: -0.11152572 | EF9: -0.02591049 | EG9: 0.61884501 | EH9: 0.34140133 | EI9: -0.046011737 | EJ9: -0.16907758 | EK9: 0.066102059 | EL9: 0.077959531 | EM9: 0.16575598 | EN9: -0.070610964 | EO9: -0.11496706 | EP9: -0.019382877 | EQ9: 0.013053234 | ER9: 0.039886001 | ES9: -0.1552984 | ET9: -0.099843306 | EU9: -0.14169487 | EV9: -0.13694448 | EW9: -0.24815458 | EX9: -0.044398404 | EY9: 0.086522179 | EZ9: 0.067087265 | FA9: -0.019543664 | FB9: 0.22923058 | FC9: 0.0031574237 | FD9: 0.014171845 | FE9: -0.0049425942 | FF9: 0.13648271 | FG9: -0.026154809 | FH9: -0.0034384296 | FI9: -0.065014249 | FJ9: -0.028903419 | FK9: 0.14918308 | FL9: -0.03268971 | FM9: 0.019488543
B10: 0.35352581 | C10: 0.60701966 | D10: 1.1813304 | E10: 0.81851636 | F10: 1.4997598 | G10: 0.70221951 | H10: 0.48132082 | I10: 0.90378074 | J10: 1.9305216 | AQ10: 0 | AR10: 0 | AS10: 0 | AT10: 0 | AU10: 0 | AV10: 0 | AW10: 0 | AX10: 0 | AY10: 1.9305216 | AZ10: 0.82516555 | BA10: 0.67995883 | BB10: 0.88895916 | BC10: 0.4250079 | BD10: 0.37625016 | BE10: 0.46437727 | BF10: 0.47260973 | BG10: 1.0613613 | BH10: 0.80102241 | BI10: 0.94529378 | BJ10: 0.26665283 | BK10: 0.15670271 | BL10: 0.9867346 | BM10: 1.0922759 | BN10: 0.68914961 | BO10: 0.37454517 | BP10: 0.80107377 | BQ10: 0.4401378 | BR10: 0.66188905 | BS10: 0.64935623 | BT10: 0.24153839 | BU10: 0.57564332 | BV10: 0.59255719 | BW10: 0.78977023 | BX10: 0.26715796 | BY10: 0.42835865 | BZ10: 0.32311588 | CA10: 1.0332105 | CB10: 0.47152163 | CC10: 0.032977981 | CJ10: 0.35352581 | CK10: 0.60701966 | CL10: 1.1813304 | CM10: 0.81851636 | CN10: 1.4997598 | CO10: 0.70221951 | CP10: 0.48132082 | CQ10: 0.90378074 | CR10: 1.9305216 | CS10: 0.82516555 | CT10: 0.67995883 | CU10: 0.88895916 | CV10: 0.4250079 | CW10: 0.37625016 | CX10: 0.46437727 | CY10: 0.47260973 | CZ10: 1.0613613 | DA10: 0.80102241 | DB10: 0.94529378 | DC10: 0.26665283 | DD10: 0.15670271 | DE10: 0.9867346 | DF10: 1.0922759 | DG10: 0.68914961 | DH10: 0.37454517 | DI10: 0.80107377 | DJ10: 0.4401378 | DK10: 0.66188905 | DL10: 0.64935623 | DM10: 0.24153839 | DN10: 0.57564332 | DO10: 0.59255719 | DP10: 0.78977023 | DQ10: 0.26715796 | DR10: 0.42835865 | DS10: 0.32311588 | DT10: 1.0332105 | DU10: 0.47152163 | DV10: 0.032977981 | DZ10: 1.8791099 | EA10: -0.093825443 | EB10: -0.33549767 | EC10: -0.42581295 | ED10: -0.12775251 | EE10: 0.14893258 | EF10: -0.1220294 | EG10: 0.27665231 | EH10: -0.085780708 | EI10: 0.24177255 | EJ10: 0.10714106 | EK10: -0.11800732 | EL10: 0.044225948 | EM10: -0.051989548 | EN10: 0.17206658 | EO10: 0.15359879 | EP10: -0.038495531 | EQ10: -0.10035919 | ER10: -0.051927081 | ES10: 0.28399743 | ET10: -0.010554426 | EU10: 0.034240244 | EV10: 0.11264629 | EW10: 0.35307986 | EX10: 0.048542301 | EY10: 0.029936214 | EZ10: 0.005298974 | FA10: -0.054229239 | FB10: 0.1110405 | FC10: -0.031055885 | FD10: -0.00084568444 | FE10: -0.0049276548 | FF10: -0.34200978 | FG10: 0.1321118 | FH10: -0.099105368 | FI10: 0.047825994 | FJ10: -0.094272139 | FK10: -0.085242775 | FL10: 0.049813459 | FM10: -0.0080067659
B11: 0.26921205 | C11: 0.41966795 | D11: 0.82781401 | E11: 0.56275642 | F11: 0.65674393 | G11: 0.51267506 | H11: -0.072897514 | I11: 0.44316238 | J11: 0.82516555 | K11: 4.3799371 | AQ11: 0 | AR11: 0 | AS11: 0 | AT11: 0 | AU11: 0 | AV11: 0 | AW11: 0 | AX11: 0 | AY11: 0 | AZ11: 4.3799371 | BA11: 0.58111361 | BB11: 0.57732068 | BC11: 2.6245007 | BD11: 1.2663945 | BE11: 0.51119209 | BF11: 0.46385929 | BG11: 0.94422141 | BH11: 0.71819911 | BI11: 0.69010063 | BJ11: 0.19894943 | BK11: 0.27462167 | BL11: 0.9109478 | BM11: 0.44374873 | BN11: 0.46235224 | BO11: 0.7609799 | BP11: 0.82114021 | BQ11: 0.39351873 | BR11: 0.60179651 | BS11: 0.50826014 | BT11: 0.27369148 | BU11: 0.57499105 | BV11: 0.56287129 | BW11: 0.62944683 | BX11: 0.44699003 | BY11: -1.9317824 | BZ11: 0.45298989 | CA11: 1.0504408 | CB11: 0.39534727 | CC11: 0.16108059 | CJ11: 0.26921205 | CK11: 0.41966795 | CL11: 0.82781401 | CM11: 0.56275642 | CN11: 0.65674393 | CO11: 0.51267506 | CP11: -0.072897514 | CQ11: 0.44316238 | CR11: 0.82516555 | CS11: 4.3799371 | CT11: 0.58111361 | CU11: 0.57732068 | CV11: 2.6245007 | CW11: 1.2663945 | CX11: 0.51119209 | CY11: 0.46385929 | CZ11: 0.94422141 | DA11: 0.71819911 | DB11: 0.69010063 | DC11: 0.19894943 | DD11: 0.27462167 | DE11: 0.9109478 | DF11: 0.44374873 | DG11: 0.46235224 | DH11: 0.7609799 | DI11: 0.82114021 | DJ11: 0.39351873 | DK11: 0.60179651 | DL11: 0.50826014 | DM11: 0.27369148 | DN11: 0.57499105 | DO11: 0.56287129 | DP11: 0.62944683 | DQ11: 0.44699003 | DR11: -1.9317824 | DS11: 0.45298989 | DT11: 1.0504408 | DU11: 0.39534727 | DV11: 0.16108059 | DZ11: 1.754538 | EA11: 0.0017387437 | EB11: 0.14965606 | EC11: -0.26429868 | ED11: 0.27868976 | EE11: 0.18505263 | EF11: 0.037608854 | EG11: -0.35563339 | EH11: 0.29105739 | EI11: 0.13878595 | EJ11: 0.10612673 | EK11: 0.14690773 | EL11: -0.34307894 | EM11: -0.071826439 | EN11: -0.072136455 | EO11: -0.085396076 | EP11: 0.0005179262 | EQ11: -0.035603216 | ER11: -0.015521932 | ES11: 0.089383678 | ET11: -0.0072217888 | EU11: -0.25695358 | EV11: -0.19076808 | EW11: -0.069343286 | EX11: -0.022502755 | EY11: 0.11845493 | EZ11: -0.11782621 | FA11: 0.035630185 | FB11: 0.38991893 | FC11: -0.052817025 | FD11: -0.016771182 | FE11: -0.036317003 | FF11: -0.2273673 | FG11: 0.022176583 | FH11: 0.079073856 | FI11: 0.04765049 | FJ11: 0.1490771 | FK11: -0.0396352 | FL11: -0.04010242 | FM11: -0.082204304
B12: 0.22315948 | C12: 0.39101128 | D12: 0.67492121 | E12: 0.50464835 | F12: 0.4740838 | G12: 0.35875499 | H12: 0.12105921 | I12: 0.57732054 | J12: 0.67995883 | K12: 0.58111361 | L12: 0.93412032 | AQ12: 0 | AR12: 0 | AS12: 0 | AT12: 0 | AU12: 0 | AV12: 0 | AW12: 0 | AX12: 0 | AY12: 0 | AZ12: 0 | BA12: 0.93412032 | BB12: 0.52069787 | BC12: 0.32024628 | BD12: 0.20176888 | BE12: 0.082595198 | BF12: 0.35506842 | BG12: 0.66452024 | BH12: 0.44422565 | BI12: 0.53090449 | BJ12: 0.20759527 | BK12: 0.1522281 | BL12: 0.47322393 | BM12: 0.21717602 | BN12: 0.3054568 | BO12: 0.57155079 | BP12: 0.5731374 | BQ12: 0.30371274 | BR12: 0.39433419 | BS12: 0.35935314 | BT12: 0.14509472 | BU12: 0.33575247 | BV12: 0.37999551 | BW12: 0.4501929 | BX12: 0.19098008 | BY12: 0.33251181 | BZ12: 0.16972962 | CA12: 0.59898701 | CB12: 0.24522094 | CC12: 0.015766142 | CJ12: 0.22315948 | CK12: 0.39101128 | CL12: 0.67492121 | CM12: 0.50464835 | CN12: 0.4740838 | CO12: 0.35875499 | CP12: 0.12105921 | CQ12: 0.57732054 | CR12: 0.67995883 | CS12: 0.58111361 | CT12: 0.93412032 | CU12: 0.52069787 | CV12: 0.32024628 | CW12: 0.20176888 | CX12: 0.082595198 | CY12: 0.35506842 | CZ12: 0.66452024 | DA12: 0.44422565 | DB12: 0.53090449 | DC12: 0.20759527 | DD12: 0.1522281 | DE12: 0.47322393 | DF12: 0.21717602 | DG12: 0.3054568 | DH12: 0.57155079 | DI12: 0.5731374 | DJ12: 0.30371274 | DK12: 0.39433419 | DL12: 0.35935314 | DM12: 0.14509472 | DN12: 0.33575247 | DO12: 0.37999551 | DP12: 0.4501929 | DQ12: 0.19098008 | DR12: 0.33251181 | DS12: 0.16972962 | DT12: 0.59898701 | DU12: 0.24522094 | DV12: 0.015766142 | DZ12: 1.4822656 | EA12: -0.039480587 | EB12: -0.30965766 | EC12: 0.041562892 | ED12: 0.029365502 | EE12: -0.11271259 | EF12: -0.13683698 | EG12: -0.13133696 | EH12: 0.23691507 | EI12: 0.033057781 | EJ12: 0.23630249 | EK12: 0.096653474 | EL12: -0.039548062 | EM12: -0.13165698 | EN12: -0.0051731988 | EO12: -0.045021491 | EP12: -0.088547228 | EQ12: -0.044011099 | ER12: 0.030762082 | ES12: 0.28111869 | ET12: -0.089328825 | EU12: -0.28195229 | EV12: -0.22081922 | EW12: -0.063994097 | EX12: -0.061764127 | EY12: -0.18540741 | EZ12: 0.23919617 | FA12: -0.005394095 | FB12: -0.4455112 | FC12: 0.10618701 | FD12: 0.051155015 | FE12: -0.024492729 | FF12: 0.20652888 | FG12: 0.33581819 | FH12: 0.015198432 | FI12: 0.084096262 | FJ12: 0.02794094 | FK12: -0.066755383 | FL12: 0.038339387 | FM12: 0.0014165006
B13: 0.23538403 | C13: 0.49117256 | D13: 1.0775111 | E13: 0.58141 | F13: 0.65687069 | G13: 0.50650007 | H13: 0.63540725 | I13: 0.48548012 | J13: 0.88895916 | K13: 0.57732068 | L13: 0.52069787 | M13: 1.4546117 | AQ13: 0 | AR13: 0 | AS13: 0 | AT13: 0 | AU13: 0 | AV13: 0 | AW13: 0 | AX13: 0 | AY13: 0 | AZ13: 0 | BA13: 0 | BB13: 1.4546117 | BC13: 0.42301649 | BD13: 0.4465371 | BE13: 0.4064764 | BF13: 0.50309887 | BG13: 0.94357918 | BH13: 0.70315858 | BI13: 0.78245962 | BJ13: 0.27896532 | BK13: 0.17565563 | BL13: 0.98136839 | BM13: 0.5238764 | BN13: 0.47012117 | BO13: 0.65220809 | BP13: 0.72867353 | BQ13: 0.22483677 | BR13: 0.26494318 | BS13: 0.48704365 | BT13: 0.1663525 | BU13: 0.4794539 | BV13: 0.47927398 | BW13: 0.58297403 | BX13: 0.23713267 | BY13: 0.22040583 | BZ13: 0.31047671 | CA13: 0.82337477 | CB13: 0.39804526 | CC13: 0.072262665 | CJ13: 0.23538403 | CK13: 0.49117256 | CL13: 1.0775111 | CM13: 0.58141 | CN13: 0.65687069 | CO13: 0.50650007 | CP13: 0.63540725 | CQ13: 0.48548012 | CR13: 0.88895916 | CS13: 0.57732068 | CT13: 0.52069787 | CU13: 1.4546117 | CV13: 0.42301649 | CW13: 0.4465371 | CX13: 0.4064764 | CY13: 0.50309887 | CZ13: 0.94357918 | DA13: 0.70315858 | DB13: 0.78245962 | DC13: 0.27896532 | DD13: 0.17565563 | DE13: 0.98136839 | DF13: 0.5238764 | DG13: 0.47012117 | DH13: 0.65220809 | DI13: 0.72867353 | DJ13: 0.22483677 | DK13: 0.26494318 | DL13: 0.48704365 | DM13: 0.1663525 | DN13: 0.4794539 | DO13: 0.47927398 | DP13: 0.58297403 | DQ13: 0.23713267 | DR13: 0.22040583 | DS13: 0.31047671 | DT13: 0.82337477 | DU13: 0.39804526 | DV13: 0.072262665 | DZ13: 1.3180243 | EA13: 0.0023345352 | EB13: -0.066752356 | EC13: -0.15392239 | ED13: -0.24311275 | EE13: -0.025948591 | EF13: -0.039078558 | EG13: -0.12936219 | EH13: -0.11280134 | EI13: 0.10040375 | EJ13: -0.092053048 | EK13: -0.011342894 | EL13: -0.10034502 | EM13: 0.0083617226 | EN13: -0.30721128 | EO13: -0.024429704 | EP13: -0.14990282 | EQ13: 0.23303526 | ER13: 0.061093543 | ES13: -0.16221842 | ET13: -0.38392583 | EU13: 0.072326133 | EV13: -0.094388463 | EW13: 0.11737056 | EX13: -0.051917465 | EY13: 0.054632738 | EZ13: -0.032781874 | FA13: 0.037968049 | FB13: 0.0057353478 | FC13: 0.36044764 | FD13: 0.096842542 | FE13: 0.18884216 | FF13: -0.038332155 | FG13: 0.10217207 | FH13: -0.15016568 | FI13: -0.091435325 | FJ13: 0.17374697 | FK13: 0.40150918 | FL13: 0.17083095 | FM13: -0.16898474
B14: 0.14482896 | C14: 0.18400557 | D14: 0.4473199 | E14: 0.28381878 | F14: 0.3197238 | G14: 0.34250525 | H14: 0.26142719 | I14: 0.24046816 | J14: 0.4250079 | K14: 2.6245007 | L14: 0.32024628 | M14: 0.42301649 | N14: 2.7903653 | AQ14: 0 | AR14: 0 | AS14: 0 | AT14: 0 | AU14: 0 | AV14: 0 | AW14: 0 | AX14: 0 | AY14: 0 | AZ14: 0 | BA14: 0 | BB14: 0 | BC14: 2.7903653 | BD14: 1.1164676 | BE14: 0.015278243 | BF14: 0.31761444 | BG14: 0.61126763 | BH14: 0.42483143 | BI14: -0.14833051 | BJ14: -0.0063907429 | BK14: 0.063348462 | BL14: 0.39805486 | BM14: 0.23734662 | BN14: 0.25194945 | BO14: 0.32339577 | BP14: 0.1405793 | BQ14: 0.20858217 | BR14: 0.22900201 | BS14: 0.19051929 | BT14: 0.17974495 | BU14: 0.35103584 | BV14: 0.23932443 | BW14: 0.12022357 | BX14: 0.51892834 | BY14: -1.2211636 | BZ14: 0.46713702 | CA14: 0.93300613 | CB14: 0.22285397 | CC14: 0.15364916 | CJ14: 0.14482896 | CK14: 0.18400557 | CL14: 0.4473199 | CM14: 0.28381878 | CN14: 0.3197238 | CO14: 0.34250525 | CP14: 0.26142719 | CQ14: 0.24046816 | CR14: 0.4250079 | CS14: 2.6245007 | CT14: 0.32024628 | CU14: 0.42301649 | CV14: 2.7903653 | CW14: 1.1164676 | CX14: 0.015278243 | CY14: 0.31761444 | CZ14: 0.61126763 | DA14: 0.42483143 | DB14: -0.14833051 | DC14: -0.0063907429 | DD14: 0.063348462 | DE14: 0.39805486 | DF14: 0.23734662 | DG14: 0.25194945 | DH14: 0.32339577 | DI14: 0.1405793 | DJ14: 0.20858217 | DK14: 0.22900201 | DL14: 0.19051929 | DM14: 0.17974495 | DN14: 0.35103584 | DO14: 0.23932443 | DP14: 0.12022357 | DQ14: 0.51892834 | DR14: -1.2211636 | DS14: 0.46713702 | DT14: 0.93300613 | DU14: 0.22285397 | DV14: 0.15364916 | DZ14: 1.1333525 | EA14: 0.02297867 | EB14: 0.10017522 | EC14: 0.036868514 | ED14: -0.12354876 | EE14: 0.038170248 | EF14: 0.029794199 | EG14: 0.062925205 | EH14: -0.072807293 | EI14: 0.039739352 | EJ14: -0.078519738 | EK14: 0.096303831 | EL14: -0.04061994 | EM14: 0.10590226 | EN14: -0.00948852 | EO14: -0.35293842 | EP14: 0.15528472 | EQ14: 0.014383944 | ER14: 0.019053082 | ES14: 0.16006745 | ET14: -0.47093278 | EU14: 0.30623221 | EV14: -0.042071306 | EW14: -0.033808033 | EX14: -0.026634147 | EY14: -0.067562901 | EZ14: -0.08843873 | FA14: 0.035810774 | FB14: 0.071659448 | FC14: -0.18427309 | FD14: -0.041090182 | FE14: 0.0022175507 | FF14: -0.028059252 | FG14: 0.41836582 | FH14: 0.29850693 | FI14: 0.017139657 | FJ14: -0.099956017 | FK14: -0.096774872 | FL14: -0.25837236 | FM14: 0.17720459
B15: 0.088960172 | C15: 0.20169018 | D15: 0.33282697 | E15: 0.27118553 | F15: 0.34113924 | G15: 0.27099766 | H15: 0.1884868 | I15: 0.12343861 | J15: 0.37625016 | K15: 1.2663945 | L15: 0.20176888 | M15: 0.4465371 | N15: 1.1164676 | O15: 1.6226755 | AQ15: 0 | AR15: 0 | AS15: 0 | AT15: 0 | AU15: 0 | AV15: 0 | AW15: 0 | AX15: 0 | AY15: 0 | AZ15: 0 | BA15: 0 | BB15: 0 | BC15: 0 | BD15: 1.6226755 | BE15: 0.23454188 | BF15: 0.4977419 | BG15: 0.64710788 | BH15: 0.41228094 | BI15: 0.44413565 | BJ15: 0.23216267 | BK15: 0.1424753 | BL15: 0.58452156 | BM15: 0.2858143 | BN15: 0.31818955 | BO15: 0.36552554 | BP15: 0.47623599 | BQ15: 0.14755491 | BR15: 0.29658996 | BS15: 0.2363335 | BT15: 0.099499283 | BU15: 0.31666361 | BV15: 0.29901277 | BW15: 0.29938083 | BX15: 0.4495406 | BY15: 0.25517809 | BZ15: 0.75223637 | CA15: 0.56870238 | CB15: 0.35051499 | CC15: 0.12898099 | CJ15: 0.088960172 | CK15: 0.20169018 | CL15: 0.33282697 | CM15: 0.27118553 | CN15: 0.34113924 | CO15: 0.27099766 | CP15: 0.1884868 | CQ15: 0.12343861 | CR15: 0.37625016 | CS15: 1.2663945 | CT15: 0.20176888 | CU15: 0.4465371 | CV15: 1.1164676 | CW15: 1.6226755 | CX15: 0.23454188 | CY15: 0.4977419 | CZ15: 0.64710788 | DA15: 0.41228094 | DB15: 0.44413565 | DC15: 0.23216267 | DD15: 0.1424753 | DE15: 0.58452156 | DF15: 0.2858143 | DG15: 0.31818955 | DH15: 0.36552554 | DI15: 0.47623599 | DJ15: 0.14755491 | DK15: 0.29658996 | DL15: 0.2363335 | DM15: 0.099499283 | DN15: 0.31666361 | DO15: 0.29901277 | DP15: 0.29938083 | DQ15: 0.4495406 | DR15: 0.25517809 | DS15: 0.75223637 | DT15: 0.56870238 | DU15: 0.35051499 | DV15: 0.12898099 | DZ15: 1.07191 | EA15: 0.061858015 | EB15: -0.19032792 | EC15: 0.075133314 | ED15: -0.22225555 | EE15: 0.071597313 | EF15: 0.04789385 | EG15: 0.032106379 | EH15: 0.046240406 | EI15: 0.25022994 | EJ15: 0.13015109 | EK15: 0.2358479 | EL15: -0.20547906 | EM15: -0.032054862 | EN15: -0.22093622 | EO15: -0.21169908 | EP15: -0.060399007 | EQ15: -0.12610827 | ER15: -0.07565013 | ES15: -0.15974858 | ET15: 0.25803463 | EU15: 0.35677622 | EV15: -0.15039546 | EW15: 0.12009845 | EX15: -0.12003837 | EY15: -0.0017861347 | EZ15: 0.45830822 | FA15: 0.091397755 | FB15: 0.072319027 | FC15: -0.070688746 | FD15: 0.089026024 | FE15: -0.002333962 | FF15: 0.0067738474 | FG15: -0.25943867 | FH15: 0.11022014 | FI15: 0.068095932 | FJ15: -0.0036959795 | FK15: -0.035836149 | FL15: -0.036426473 | FM15: 0.05308314
B16: 0.173228 | C16: 0.43393911 | D16: 0.58713485 | E16: 0.38984386 | F16: 0.41262888 | G16: 0.261748 | H16: 0.10505124 | I16: 0.15237618 | J16: 0.46437727 | K16: 0.51119209 | L16: 0.082595198 | M16: 0.4064764 | N16: 0.015278243 | O16: 0.23454188 | P16: 1.8000471 | AQ16: 0 | AR16: 0 | AS16: 0 | AT16: 0 | AU16: 0 | AV16: 0 | AW16: 0 | AX16: 0 | AY16: 0 | AZ16: 0 | BA16: 0 | BB16: 0 | BC16: 0 | BD16: 0 | BE16: 1.8000471 | BF16: -0.81963867 | BG16: -0.56939881 | BH16: -0.65583481 | BI16: -0.42192286 | BJ16: -0.93852698 | BK16: -0.043810649 | BL16: 0.69435733 | BM16: 0.36694941 | BN16: 0.35443177 | BO16: 0.48729617 | BP16: 0.69588809 | BQ16: 0.21309189 | BR16: 0.51572476 | BS16: 0.30265129 | BT16: 0.046942408 | BU16: 0.22997119 | BV16: 0.54265559 | BW16: 0.45664617 | BX16: 0.041934797 | BY16: 0.28540625 | BZ16: 0.034816823 | CA16: -0.37646459 | CB16: 0.21509375 | CC16: 0.0034232193 | CJ16: 0.173228 | CK16: 0.43393911 | CL16: 0.58713485 | CM16: 0.38984386 | CN16: 0.41262888 | CO16: 0.261748 | CP16: 0.10505124 | CQ16: 0.15237618 | CR16: 0.46437727 | CS16: 0.51119209 | CT16: 0.082595198 | CU16: 0.4064764 | CV16: 0.015278243 | CW16: 0.23454188 | CX16: 1.8000471 | CY16: -0.81963867 | CZ16: -0.56939881 | DA16: -0.65583481 | DB16: -0.42192286 | DC16: -0.93852698 | DD16: -0.043810649 | DE16: 0.69435733 | DF16: 0.36694941 | DG16: 0.35443177 | DH16: 0.48729617 | DI16: 0.69588809 | DJ16: 0.21309189 | DK16: 0.51572476 | DL16: 0.30265129 | DM16: 0.046942408 | DN16: 0.22997119 | DO16: 0.54265559 | DP16: 0.45664617 | DQ16: 0.041934797 | DR16: 0.28540625 | DS16: 0.034816823 | DT16: -0.37646459 | DU16: 0.21509375 | DV16: 0.0034232193 | DZ16: 1.0182966 | EA16: -0.0039759778 | EB16: 0.1537091 | EC16: 0.16123438 | ED16: 0.022406209 | EE16: 0.028643023 | EF16: 0.0052013463 | EG16: 0.020721524 | EH16: -0.15258969 | EI16: 0.011830675 | EJ16: -0.13185833 | EK16: -0.16628177 | EL16: -0.039854975 | EM16: 0.12974438 | EN16: 0.012223063 | EO16: -0.04392553 | EP16: -0.054458071 | EQ16: -0.33767929 | ER16: 0.11690156 | ES16: 0.084301716 | ET16: -0.056733471 | EU16: -0.18857532 | EV16: -0.20555517 | EW16: 0.20802754 | EX16: -0.1295584 | EY16: 0.047428158 | EZ16: 0.21206423 | FA16: -0.0055238272 | FB16: 0.0058810764 | FC16: -0.43375833 | FD16: -0.10979161 | FE16: -0.23584112 | FF16: -0.021353174 | FG16: 0.092877177 | FH16: -0.16521004 | FI16: -0.046369203 | FJ16: 0.13732298 | FK16: 0.4107024 | FL16: 0.19932703 | FM16: 0.1089199
B17: 0.15150791 | C17: 0.20717132 | D17: 0.52058989 | E17: 0.27857859 | F17: 0.37875601 | G17: 0.30782415 | H17: 0.19222494 | I17: 0.26396185 | J17: 0.47260973 | K17: 0.46385929 | L17: 0.35506842 | M17: 0.50309887 | N17: 0.31761444 | O17: 0.4977419 | P17: -0.81963867 | Q17: 2.0077162 | AQ17: 0 | AR17: 0 | AS17: 0 | AT17: 0 | AU17: 0 | AV17: 0 | AW17: 0 | AX17: 0 | AY17: 0 | AZ17: 0 | BA17: 0 | BB17: 0 | BC17: 0 | BD17: 0 | BE17: 0 | BF17: 2.0077162 | BG17: 2.1158157 | BH17: 1.7656856 | BI17: 1.7402565 | BJ17: 1.6078109 | BK17: 0.24989279 | BL17: 0.63760392 | BM17: 0.25764321 | BN17: 0.29763639 | BO17: 0.47815766 | BP17: 0.39622013 | BQ17: 0.24605356 | BR17: 0.43994914 | BS17: 0.16703232 | BT17: 0.13478342 | BU17: 0.4170675 | BV17: 0.27287558 | BW17: 0.36869263 | BX17: 0.19594429 | BY17: 0.18227706 | BZ17: 0.28257735 | CA17: 1.488334 | CB17: 0.29318111 | CC17: 0.045674401 | CJ17: 0.15150791 | CK17: 0.20717132 | CL17: 0.52058989 | CM17: 0.27857859 | CN17: 0.37875601 | CO17: 0.30782415 | CP17: 0.19222494 | CQ17: 0.26396185 | CR17: 0.47260973 | CS17: 0.46385929 | CT17: 0.35506842 | CU17: 0.50309887 | CV17: 0.31761444 | CW17: 0.4977419 | CX17: -0.81963867 | CY17: 2.0077162 | CZ17: 2.1158157 | DA17: 1.7656856 | DB17: 1.7402565 | DC17: 1.6078109 | DD17: 0.24989279 | DE17: 0.63760392 | DF17: 0.25764321 | DG17: 0.29763639 | DH17: 0.47815766 | DI17: 0.39622013 | DJ17: 0.24605356 | DK17: 0.43994914 | DL17: 0.16703232 | DM17: 0.13478342 | DN17: 0.4170675 | DO17: 0.27287558 | DP17: 0.36869263 | DQ17: 0.19594429 | DR17: 0.18227706 | DS17: 0.28257735 | DT17: 1.488334 | DU17: 0.29318111 | DV17: 0.045674401 | DZ17: 0.85248707 | EA17: -0.0062067025 | EB17: 0.14406116 | EC17: -0.18277751 | ED17: -0.028906517 | EE17: -0.049711665 | EF17: -0.13177544 | EG17: -0.12490957 | EH17: 0.22996909 | EI17: 0.092515251 | EJ17: -0.034871412 | EK17: 0.36312071 | EL17: 0.30380725 | EM17: -0.054754086 | EN17: 0.13133031 | EO17: -0.25402268 | EP17: 0.04557686 | EQ17: -0.1490898 | ER17: -0.16335818 | ES17: -0.018302426 | ET17: -0.029061409 | EU17: 0.25688461 | EV17: 0.18363574 | EW17: -0.21446875 | EX17: 0.13832461 | EY17: -0.091244745 | EZ17: -0.016516135 | FA17: -0.086664764 | FB17: -0.084665942 | FC17: -0.15202803 | FD17: 0.0054611389 | FE17: -0.010106934 | FF17: -0.064241484 | FG17: 0.026168066 | FH17: -0.34066287 | FI17: -0.04783678 | FJ17: 0.099588185 | FK17: 0.053343297 | FL17: 0.37111323 | FM17: -0.027609582
B18: 0.32035219 | C18: 0.58509222 | D18: 1.1318878 | E18: 0.69432571 | F18: 0.82886038 | G18: 0.6423791 | H18: 0.38739333 | I18: 0.59750796 | J18: 1.0613613 | K18: 0.94422141 | L18: 0.66452024 | M18: 0.94357918 | N18: 0.61126763 | O18: 0.64710788 | P18: -0.56939881 | Q18: 2.1158157 | R18: 3.1098014 | AQ18: 0 | AR18: 0 | AS18: 0 | AT18: 0 | AU18: 0 | AV18: 0 | AW18: 0 | AX18: 0 | AY18: 0 | AZ18: 0 | BA18: 0 | BB18: 0 | BC18: 0 | BD18: 0 | BE18: 0 | BF18: 0 | BG18: 3.1098014 | BH18: 2.3728409 | BI18: 2.2548591 | BJ18: 1.759146 | BK18: 0.37196598 | BL18: 1.196812 | BM18: 0.55396548 | BN18: 0.61945008 | BO18: 1.0442267 | BP18: 0.97551602 | BQ18: 0.4851903 | BR18: 0.77302312 | BS18: 1.0486665 | BT18: 0.25909946 | BU18: 0.86158911 | BV18: 0.69942474 | BW18: 0.81836497 | BX18: 0.29314427 | BY18: 0.48072705 | BZ18: 0.42695491 | CA18: 2.2559856 | CB18: 0.53535534 | CC18: -0.016875656 | CJ18: 0.32035219 | CK18: 0.58509222 | CL18: 1.1318878 | CM18: 0.69432571 | CN18: 0.82886038 | CO18: 0.6423791 | CP18: 0.38739333 | CQ18: 0.59750796 | CR18: 1.0613613 | CS18: 0.94422141 | CT18: 0.66452024 | CU18: 0.94357918 | CV18: 0.61126763 | CW18: 0.64710788 | CX18: -0.56939881 | CY18: 2.1158157 | CZ18: 3.1098014 | DA18: 2.3728409 | DB18: 2.2548591 | DC18: 1.759146 | DD18: 0.37196598 | DE18: 1.196812 | DF18: 0.55396548 | DG18: 0.61945008 | DH18: 1.0442267 | DI18: 0.97551602 | DJ18: 0.4851903 | DK18: 0.77302312 | DL18: 1.0486665 | DM18: 0.25909946 | DN18: 0.86158911 | DO18: 0.69942474 | DP18: 0.81836497 | DQ18: 0.29314427 | DR18: 0.48072705 | DS18: 0.42695491 | DT18: 2.2559856 | DU18: 0.53535534 | DV18: -0.016875656 | DZ18: 0.84046821 | EA18: 0.11064908 | EB18: -0.20274946 | EC18: 0.080837684 | ED18: -0.18482276 | EE18: -0.10647181 | EF18: -0.002773387 | EG18: 0.010855631 | EH18: 0.081389721 | EI18: 0.001603181 | EJ18: 0.23960441 | EK18: 0.10804376 | EL18: 0.10831287 | EM18: -0.15023822 | EN18: -0.38811282 | EO18: 0.31210099 | EP18: -0.090226095 | EQ18: -0.21081508 | ER18: 0.14778428 | ES18: 0.1436203 | ET18: 0.049227563 | EU18: 0.11787495 | EV18: 0.12489171 | EW18: -0.15534709 | EX18: -0.018966211 | EY18: 0.075027496 | EZ18: -0.45704279 | FA18: 0.043680792 | FB18: 0.10975519 | FC18: -0.21429163 | FD18: -0.005939884 | FE18: -0.088582962 | FF18: 0.10680786 | FG18: 0.012798032 | FH18: 0.13749413 | FI18: 0.090572422 | FJ18: 0.1163097 | FK18: 0.18702252 | FL18: 0.026436143 | FM18: 0.12175226
B19: 0.22512874 | C19: 0.42200266 | D19: 0.78523229 | E19: 0.50160527 | F19: 0.61387774 | G19: 0.43313272 | H19: 0.31371295 | I19: 0.44758381 | J19: 0.80102241 | K19: 0.71819911 | L19: 0.44422565 | M19: 0.70315858 | N19: 0.42483143 | O19: 0.41228094 | P19: -0.65583481 | Q19: 1.7656856 | R19: 2.3728409 | S19: 2.4212701 | AQ19: 0 | AR19: 0 | AS19: 0 | AT19: 0 | AU19: 0 | AV19: 0 | AW19: 0 | AX19: 0 | AY19: 0 | AZ19: 0 | BA19: 0 | BB19: 0 | BC19: 0 | BD19: 0 | BE19: 0 | BF19: 0 | BG19: 0 | BH19: 2.4212701 | BI19: 2.1731251 | BJ19: 1.74339 | BK19: 0.27333074 | BL19: 0.87631331 | BM19: 0.40046102 | BN19: 0.46851242 | BO19: 0.84423473 | BP19: 0.74497147 | BQ19: 0.36100883 | BR19: 0.61531993 | BS19: 0.57589664 | BT19: 0.22308655 | BU19: 0.44255578 | BV19: 0.65875448 | BW19: 0.65732888 | BX19: 0.14054324 | BY19: 0.33981349 | BZ19: 0.21581677 | CA19: 2.0930477 | CB19: 0.3567293 | CC19: 0.065397757 | CJ19: 0.22512874 | CK19: 0.42200266 | CL19: 0.78523229 | CM19: 0.50160527 | CN19: 0.61387774 | CO19: 0.43313272 | CP19: 0.31371295 | CQ19: 0.44758381 | CR19: 0.80102241 | CS19: 0.71819911 | CT19: 0.44422565 | CU19: 0.70315858 | CV19: 0.42483143 | CW19: 0.41228094 | CX19: -0.65583481 | CY19: 1.7656856 | CZ19: 2.3728409 | DA19: 2.4212701 | DB19: 2.1731251 | DC19: 1.74339 | DD19: 0.27333074 | DE19: 0.87631331 | DF19: 0.40046102 | DG19: 0.46851242 | DH19: 0.84423473 | DI19: 0.74497147 | DJ19: 0.36100883 | DK19: 0.61531993 | DL19: 0.57589664 | DM19: 0.22308655 | DN19: 0.44255578 | DO19: 0.65875448 | DP19: 0.65732888 | DQ19: 0.14054324 | DR19: 0.33981349 | DS19: 0.21581677 | DT19: 2.0930477 | DU19: 0.3567293 | DV19: 0.065397757 | DZ19: 0.81617151 | EA19: 0.064995656 | EB19: -0.28525877 | EC19: 0.1649647 | ED19: -0.040863698 | EE19: 0.014526255 | EF19: 0.22030806 | EG19: -0.047362049 | EH19: -0.0041551233 | EI19: -0.11251885 | EJ19: 0.049457799 | EK19: -0.07481112 | EL19: -0.11297681 | EM19: -0.20372704 | EN19: 0.064715451 | EO19: 0.098857452 | EP19: 0.39696085 | EQ19: 0.17450035 | ER19: -0.10846727 | ES19: -0.089132623 | ET19: -0.17604391 | EU19: -0.085680059 | EV19: -0.068439443 | EW19: -0.050818524 | EX19: -0.12347157 | EY19: -0.069204617 | EZ19: 0.027856423 | FA19: 0.056409083 | FB19: 0.19197223 | FC19: -0.2176781 | FD19: 0.017280188 | FE19: 0.26713879 | FF19: -0.035077625 | FG19: -0.0070903261 | FH19: -0.053697631 | FI19: -0.073239312 | FJ19: -0.10840049 | FK19: -0.13305417 | FL19: 0.49129468 | FM19: 0.17888272
B20: 0.22869586 | C20: 0.52934194 | D20: 0.81560533 | E20: 0.60497673 | F20: 0.66839607 | G20: 0.40214799 | H20: 0.32769441 | I20: 0.4976934 | J20: 0.94529378 | K20: 0.69010063 | L20: 0.53090449 | M20: 0.78245962 | N20: -0.14833051 | O20: 0.44413565 | P20: -0.42192286 | Q20: 1.7402565 | R20: 2.2548591 | S20: 2.1731251 | T20: 3.0804131 | AQ20: 0 | AR20: 0 | AS20: 0 | AT20: 0 | AU20: 0 | AV20: 0 | AW20: 0 | AX20: 0 | AY20: 0 | AZ20: 0 | BA20: 0 | BB20: 0 | BC20: 0 | BD20: 0 | BE20: 0 | BF20: 0 | BG20: 0 | BH20: 0 | BI20: 3.0804131 | BJ20: 1.8103222 | BK20: 0.3461038 | BL20: 1.1111551 | BM20: 0.57111171 | BN20: 0.51546956 | BO20: 1.2357146 | BP20: 1.1315336 | BQ20: 0.4095593 | BR20: 0.64196261 | BS20: 0.60555196 | BT20: 0.18339242 | BU20: 0.50895592 | BV20: 0.39346514 | BW20: 1.2120483 | BX20: 0.11167561 | BY20: 0.29619345 | BZ20: 0.21872841 | CA20: 1.7228905 | CB20: 0.4053989 | CC20: 0.017909816 | CJ20: 0.22869586 | CK20: 0.52934194 | CL20: 0.81560533 | CM20: 0.60497673 | CN20: 0.66839607 | CO20: 0.40214799 | CP20: 0.32769441 | CQ20: 0.4976934 | CR20: 0.94529378 | CS20: 0.69010063 | CT20: 0.53090449 | CU20: 0.78245962 | CV20: -0.14833051 | CW20: 0.44413565 | CX20: -0.42192286 | CY20: 1.7402565 | CZ20: 2.2548591 | DA20: 2.1731251 | DB20: 3.0804131 | DC20: 1.8103222 | DD20: 0.3461038 | DE20: 1.1111551 | DF20: 0.57111171 | DG20: 0.51546956 | DH20: 1.2357146 | DI20: 1.1315336 | DJ20: 0.4095593 | DK20: 0.64196261 | DL20: 0.60555196 | DM20: 0.18339242 | DN20: 0.50895592 | DO20: 0.39346514 | DP20: 1.2120483 | DQ20: 0.11167561 | DR20: 0.29619345 | DS20: 0.21872841 | DT20: 1.7228905 | DU20: 0.4053989 | DV20: 0.017909816 | DZ20: 0.7271107 | EA20: 0.046602838 | EB20: 0.096852186 | EC20: -0.22156359 | ED20: -0.21647567 | EE20: -0.19014791 | EF20: -0.1748992 | EG20: -0.23956611 | EH20: 0.052420175 | EI20: 0.18133584 | EJ20: -0.22786492 | EK20: 0.20797806 | EL20: 0.38121751 | EM20: 0.12112516 | EN20: -0.031459157 | EO20: 0.17095961 | EP20: 0.099233742 | EQ20: 0.062405051 | ER20: 0.025291966 | ES20: -0.11173561 | ET20: 0.049801651 | EU20: -0.32262823 | EV20: -0.10109941 | EW20: 0.20487718 | EX20: -0.026756142 | EY20: 0.052996094 | EZ20: 0.086546707 | FA20: 0.01357348 | FB20: 0.0486056 | FC20: -0.065066697 | FD20: 0.068475094 | FE20: 0.1043206 | FF20: 0.053446776 | FG20: -0.055323885 | FH20: 0.30281367 | FI20: -0.09411396 | FJ20: -0.15648176 | FK20: -0.024922023 | FL20: -0.021567144 | FM20: 0.31031166
B21: 0.06888546 | C21: 0.086711415 | D21: 0.21319549 | E21: 0.10542846 | F21: 0.18166238 | G21: 0.10455381 | H21: 0.1052333 | I21: 0.12290312 | J21: 0.26665283 | K21: 0.19894943 | L21: 0.20759527 | M21: 0.27896532 | N21: -0.0063907429 | O21: 0.23216267 | P21: -0.93852698 | Q21: 1.6078109 | R21: 1.759146 | S21: 1.74339 | T21: 1.8103222 | U21: 2.5748021 | AQ21: 0 | AR21: 0 | AS21: 0 | AT21: 0 | AU21: 0 | AV21: 0 | AW21: 0 | AX21: 0 | AY21: 0 | AZ21: 0 | BA21: 0 | BB21: 0 | BC21: 0 | BD21: 0 | BE21: 0 | BF21: 0 | BG21: 0 | BH21: 0 | BI21: 0 | BJ21: 2.5748021 | BK21: 0.19667525 | BL21: 0.41057693 | BM21: 0.17753907 | BN21: 0.18496357 | BO21: 0.3454446 | BP21: 0.23549243 | BQ21: 0.1194402 | BR21: 0.16204702 | BS21: 0.19296891 | BT21: 0.083381101 | BU21: 0.16310851 | BV21: 0.1328342 | BW21: -0.11629737 | BX21: 0.030396804 | BY21: 0.021147458 | BZ21: 0.16089313 | CA21: 1.3111156 | CB21: 0.16423568 | CC21: -0.0041917052 | CJ21: 0.06888546 | CK21: 0.086711415 | CL21: 0.21319549 | CM21: 0.10542846 | CN21: 0.18166238 | CO21: 0.10455381 | CP21: 0.1052333 | CQ21: 0.12290312 | CR21: 0.26665283 | CS21: 0.19894943 | CT21: 0.20759527 | CU21: 0.27896532 | CV21: -0.0063907429 | CW21: 0.23216267 | CX21: -0.93852698 | CY21: 1.6078109 | CZ21: 1.759146 | DA21: 1.74339 | DB21: 1.8103222 | DC21: 2.5748021 | DD21: 0.19667525 | DE21: 0.41057693 | DF21: 0.17753907 | DG21: 0.18496357 | DH21: 0.3454446 | DI21: 0.23549243 | DJ21: 0.1194402 | DK21: 0.16204702 | DL21: 0.19296891 | DM21: 0.083381101 | DN21: 0.16310851 | DO21: 0.1328342 | DP21: -0.11629737 | DQ21: 0.030396804 | DR21: 0.021147458 | DS21: 0.16089313 | DT21: 1.3111156 | DU21: 0.16423568 | DV21: -0.0041917052 | DZ21: 0.67464642 | EA21: -0.014059851 | EB21: 0.22477536 | EC21: -0.16272452 | ED21: 0.061262377 | EE21: 0.087208896 | EF21: 0.084867813 | EG21: 0.088283897 | EH21: 0.023722556 | EI21: -0.010590206 | EJ21: -0.036769235 | EK21: -0.18979262 | EL21: -0.17796537 | EM21: -0.12160057 | EN21: 0.13134014 | EO21: -0.0099890585 | EP21: -0.28033788 | EQ21: -0.11827632 | ER21: 0.042402379 | ES21: 0.11899188 | ET21: 0.10232183 | EU21: 0.14999369 | EV21: -0.075588511 | EW21: -0.18028259 | EX21: 0.034256176 | EY21: -0.052351445 | EZ21: -0.037801705 | FA21: -0.048599879 | FB21: -0.085885029 | FC21: 0.24342501 | FD21: 0.28117193 | FE21: 0.097720407 | FF21: -0.0060913742 | FG21: -0.021039621 | FH21: 0.20905065 | FI21: -0.073801043 | FJ21: -0.080101927 | FK21: 0.12073444 | FL21: 0.27037632 | FM21: 0.55515724
B22: 0.079856382 | C22: 0.25421859 | D22: 0.24826763 | E22: -0.18831637 | F22: 0.10476645 | G22: 0.1124374 | H22: 0.13151349 | I22: -0.1824347 | J22: 0.15670271 | K22: 0.27462167 | L22: 0.1522281 | M22: 0.17565563 | N22: 0.063348462 | O22: 0.1424753 | P22: -0.043810649 | Q22: 0.24989279 | R22: 0.37196598 | S22: 0.27333074 | T22: 0.3461038 | U22: 0.19667525 | V22: 0.92018692 | AQ22: 0 | AR22: 0 | AS22: 0 | AT22: 0 | AU22: 0 | AV22: 0 | AW22: 0 | AX22: 0 | AY22: 0 | AZ22: 0 | BA22: 0 | BB22: 0 | BC22: 0 | BD22: 0 | BE22: 0 | BF22: 0 | BG22: 0 | BH22: 0 | BI22: 0 | BJ22: 0 | BK22: 0.92018692 | BL22: 0.53846041 | BM22: 0.061522844 | BN22: 0.14053427 | BO22: 0.34292614 | BP22: 0.39871452 | BQ22: 0.1145161 | BR22: 0.2690742 | BS22: 0.15545562 | BT22: 0.055273894 | BU22: 0.1661418 | BV22: 0.20296089 | BW22: 0.18371405 | BX22: 0.036500068 | BY22: 0.02900691 | BZ22: 0.038351243 | CA22: 0.28448016 | CB22: 0.055325325 | CC22: 0.048955498 | CJ22: 0.079856382 | CK22: 0.25421859 | CL22: 0.24826763 | CM22: -0.18831637 | CN22: 0.10476645 | CO22: 0.1124374 | CP22: 0.13151349 | CQ22: -0.1824347 | CR22: 0.15670271 | CS22: 0.27462167 | CT22: 0.1522281 | CU22: 0.17565563 | CV22: 0.063348462 | CW22: 0.1424753 | CX22: -0.043810649 | CY22: 0.24989279 | CZ22: 0.37196598 | DA22: 0.27333074 | DB22: 0.3461038 | DC22: 0.19667525 | DD22: 0.92018692 | DE22: 0.53846041 | DF22: 0.061522844 | DG22: 0.14053427 | DH22: 0.34292614 | DI22: 0.39871452 | DJ22: 0.1145161 | DK22: 0.2690742 | DL22: 0.15545562 | DM22: 0.055273894 | DN22: 0.1661418 | DO22: 0.20296089 | DP22: 0.18371405 | DQ22: 0.036500068 | DR22: 0.02900691 | DS22: 0.038351243 | DT22: 0.28448016 | DU22: 0.055325325 | DV22: 0.048955498 | DZ22: 0.62171402 | EA22: 0.050171017 | EB22: 0.29716587 | EC22: 0.0078263741 | ED22: 0.027054785 | EE22: -0.11708977 | EF22: -0.060489276 | EG22: 0.21099467 | EH22: -0.076717446 | EI22: -0.038631973 | EJ22: 0.13065011 | EK22: 0.17991718 | EL22: 0.1584645 | EM22: -0.1037432 | EN22: 0.12174106 | EO22: 0.021174495 | EP22: -0.064238279 | EQ22: 0.022085053 | ER22: -0.11602403 | ES22: 0.16328882 | ET22: 0.059324733 | EU22: 0.061116137 | EV22: -0.2350069 | EW22: 0.14055622 | EX22: -0.6788283 | EY22: -0.097166495 | EZ22: -0.17188049 | FA22: 0.17065319 | FB22: 0.12519249 | FC22: 0.14892452 | FD22: -0.027053872 | FE22: 0.084674758 | FF22: 0.068856172 | FG22: -0.0070414048 | FH22: -0.10931472 | FI22: 0.048165777 | FJ22: 0.031128455 | FK22: -0.086029172 | FL22: 0.048299338 | FM22: -0.084407213
B23: 0.31227038 | C23: 0.771932 | D23: 1.1066465 | E23: 0.77889403 | F23: 0.83775942 | G23: 0.56667859 | H23: 0.36976096 | I23: 0.43360889 | J23: 0.9867346 | K23: 0.9109478 | L23: 0.47322393 | M23: 0.98136839 | N23: 0.39805486 | O23: 0.58452156 | P23: 0.69435733 | Q23: 0.63760392 | R23: 1.196812 | S23: 0.87631331 | T23: 1.1111551 | U23: 0.41057693 | V23: 0.53846041 | W23: 1.7534153 | AQ23: 0 | AR23: 0 | AS23: 0 | AT23: 0 | AU23: 0 | AV23: 0 | AW23: 0 | AX23: 0 | AY23: 0 | AZ23: 0 | BA23: 0 | BB23: 0 | BC23: 0 | BD23: 0 | BE23: 0 | BF23: 0 | BG23: 0 | BH23: 0 | BI23: 0 | BJ23: 0 | BK23: 0 | BL23: 1.7534153 | BM23: 0.6499593 | BN23: 0.778427 | BO23: 0.94960375 | BP23: 1.1284416 | BQ23: 0.48449533 | BR23: 0.80856837 | BS23: 0.62833451 | BT23: 0.19010467 | BU23: 0.57327241 | BV23: 0.78352941 | BW23: 0.86268759 | BX23: 0.18322545 | BY23: 0.3797829 | BZ23: 0.27480658 | CA23: 0.96959631 | CB23: 0.45387458 | CC23: 0.0074751156 | CJ23: 0.31227038 | CK23: 0.771932 | CL23: 1.1066465 | CM23: 0.77889403 | CN23: 0.83775942 | CO23: 0.56667859 | CP23: 0.36976096 | CQ23: 0.43360889 | CR23: 0.9867346 | CS23: 0.9109478 | CT23: 0.47322393 | CU23: 0.98136839 | CV23: 0.39805486 | CW23: 0.58452156 | CX23: 0.69435733 | CY23: 0.63760392 | CZ23: 1.196812 | DA23: 0.87631331 | DB23: 1.1111551 | DC23: 0.41057693 | DD23: 0.53846041 | DE23: 1.7534153 | DF23: 0.6499593 | DG23: 0.778427 | DH23: 0.94960375 | DI23: 1.1284416 | DJ23: 0.48449533 | DK23: 0.80856837 | DL23: 0.62833451 | DM23: 0.19010467 | DN23: 0.57327241 | DO23: 0.78352941 | DP23: 0.86268759 | DQ23: 0.18322545 | DR23: 0.3797829 | DS23: 0.27480658 | DT23: 0.96959631 | DU23: 0.45387458 | DV23: 0.0074751156 | DZ23: 0.54981164 | EA23: 0.042206066 | EB23: -0.071380008 | EC23: 0.09317835 | ED23: -0.31173931 | EE23: 0.09937994 | EF23: 0.30453756 | EG23: -0.047002279 | EH23: 0.027705644 | EI23: 0.14826723 | EJ23: 0.0063007741 | EK23: 0.072450681 | EL23: 0.15146378 | EM23: -0.16367341 | EN23: 0.32190311 | EO23: 0.074285001 | EP23: -0.078552107 | EQ23: 0.063350776 | ER23: 0.097813352 | ES23: 0.0061455887 | ET23: -0.051796935 | EU23: 0.035406918 | EV23: -0.42139437 | EW23: -0.15085189 | EX23: 0.10048841 | EY23: 0.13047039 | EZ23: -0.044390356 | FA23: -0.34584521 | FB23: 0.12164698 | FC23: 0.1594456 | FD23: -0.28029945 | FE23: -0.17378214 | FF23: 0.060423892 | FG23: -0.055299013 | FH23: -0.17512916 | FI23: -0.056084051 | FJ23: 0.020455214 | FK23: -0.00082595364 | FL23: -0.1566346 | FM23: 0.091101794
B24: 0.14618714 | C24: 0.27963989 | D24: 0.62180616 | E24: 0.3319135 | F24: 0.91927999 | G24: 0.37738795 | H24: 0.23811404 | I24: 0.045434917 | J24: 1.0922759 | K24: 0.44374873 | L24: 0.21717602 | M24: 0.5238764 | N24: 0.23734662 | O24: 0.2858143 | P24: 0.36694941 | Q24: 0.25764321 | R24: 0.55396548 | S24: 0.40046102 | T24: 0.57111171 | U24: 0.17753907 | V24: 0.061522844 | W24: 0.6499593 | X24: 1.221167 | AQ24: 0 | AR24: 0 | AS24: 0 | AT24: 0 | AU24: 0 | AV24: 0 | AW24: 0 | AX24: 0 | AY24: 0 | AZ24: 0 | BA24: 0 | BB24: 0 | BC24: 0 | BD24: 0 | BE24: 0 | BF24: 0 | BG24: 0 | BH24: 0 | BI24: 0 | BJ24: 0 | BK24: 0 | BL24: 0 | BM24: 1.221167 | BN24: 0.32507736 | BO24: 0.047262797 | BP24: 0.41629447 | BQ24: 0.23777919 | BR24: 0.2710885 | BS24: 0.32268053 | BT24: 0.1141091 | BU24: 0.3031421 | BV24: 0.24024342 | BW24: 0.41995378 | BX24: 0.14540492 | BY24: 0.19977593 | BZ24: 0.23758968 | CA24: 0.51460937 | CB24: 0.30322403 | CC24: -0.022757399 | CJ24: 0.14618714 | CK24: 0.27963989 | CL24: 0.62180616 | CM24: 0.3319135 | CN24: 0.91927999 | CO24: 0.37738795 | CP24: 0.23811404 | CQ24: 0.045434917 | CR24: 1.0922759 | CS24: 0.44374873 | CT24: 0.21717602 | CU24: 0.5238764 | CV24: 0.23734662 | CW24: 0.2858143 | CX24: 0.36694941 | CY24: 0.25764321 | CZ24: 0.55396548 | DA24: 0.40046102 | DB24: 0.57111171 | DC24: 0.17753907 | DD24: 0.061522844 | DE24: 0.6499593 | DF24: 1.221167 | DG24: 0.32507736 | DH24: 0.047262797 | DI24: 0.41629447 | DJ24: 0.23777919 | DK24: 0.2710885 | DL24: 0.32268053 | DM24: 0.1141091 | DN24: 0.3031421 | DO24: 0.24024342 | DP24: 0.41995378 | DQ24: 0.14540492 | DR24: 0.19977593 | DS24: 0.23758968 | DT24: 0.51460937 | DU24: 0.30322403 | DV24: -0.022757399 | DZ24: 0.52569992 | EA24: 0.13172716 | EB24: -0.076136303 | EC24: 0.1435225 | ED24: -0.2013225 | EE24: -0.019509766 | EF24: -0.19682402 | EG24: 0.030491177 | EH24: 0.12375796 | EI24: 0.20265398 | EJ24: -0.30068145 | EK24: 0.11599404 | EL24: -0.43026595 | EM24: 0.19253654 | EN24: 0.30976482 | EO24: 0.099036194 | EP24: -0.0021891986 | EQ24: -0.045317458 | ER24: -0.015863268 | ES24: 0.0049692408 | ET24: 0.13484792 | EU24: 0.02301411 | EV24: -0.018776474 | EW24: 0.015716748 | EX24: 0.062029552 | EY24: 0.23527077 | EZ24: -0.27555378 | FA24: 0.33904254 | FB24: -0.080613518 | FC24: 0.0010100128 | FD24: 0.04294124 | FE24: -0.012652225 | FF24: 0.21013223 | FG24: 0.1264769 | FH24: -0.1353661 | FI24: -0.099756404 | FJ24: -0.0412529 | FK24: -0.09642115 | FL24: 0.077499242 | FM24: -0.042403006
B25: 0.17072622 | C25: 0.41055022 | D25: 0.57884508 | E25: 0.46392601 | F25: 0.65852657 | G25: 0.34413926 | H25: 0.18253549 | I25: 0.29975694 | J25: 0.68914961 | K25: 0.46235224 | L25: 0.3054568 | M25: 0.47012117 | N25: 0.25194945 | O25: 0.31818955 | P25: 0.35443177 | Q25: 0.29763639 | R25: 0.61945008 | S25: 0.46851242 | T25: 0.51546956 | U25: 0.18496357 | V25: 0.14053427 | W25: 0.778427 | X25: 0.32507736 | Y25: 0.88670089 | AQ25: 0 | AR25: 0 | AS25: 0 | AT25: 0 | AU25: 0 | AV25: 0 | AW25: 0 | AX25: 0 | AY25: 0 | AZ25: 0 | BA25: 0 | BB25: 0 | BC25: 0 | BD25: 0 | BE25: 0 | BF25: 0 | BG25: 0 | BH25: 0 | BI25: 0 | BJ25: 0 | BK25: 0 | BL25: 0 | BM25: 0 | BN25: 0.88670089 | BO25: 0.34627418 | BP25: 0.56537028 | BQ25: 0.13281105 | BR25: 0.44855668 | BS25: 0.35354061 | BT25: 0.098871505 | BU25: 0.29752274 | BV25: 0.54433419 | BW25: 0.49978607 | BX25: 0.1228934 | BY25: 0.23969651 | BZ25: 0.12957518 | CA25: 0.54409752 | CB25: 0.24139162 | CC25: -0.0057161321 | CJ25: 0.17072622 | CK25: 0.41055022 | CL25: 0.57884508 | CM25: 0.46392601 | CN25: 0.65852657 | CO25: 0.34413926 | CP25: 0.18253549 | CQ25: 0.29975694 | CR25: 0.68914961 | CS25: 0.46235224 | CT25: 0.3054568 | CU25: 0.47012117 | CV25: 0.25194945 | CW25: 0.31818955 | CX25: 0.35443177 | CY25: 0.29763639 | CZ25: 0.61945008 | DA25: 0.46851242 | DB25: 0.51546956 | DC25: 0.18496357 | DD25: 0.14053427 | DE25: 0.778427 | DF25: 0.32507736 | DG25: 0.88670089 | DH25: 0.34627418 | DI25: 0.56537028 | DJ25: 0.13281105 | DK25: 0.44855668 | DL25: 0.35354061 | DM25: 0.098871505 | DN25: 0.29752274 | DO25: 0.54433419 | DP25: 0.49978607 | DQ25: 0.1228934 | DR25: 0.23969651 | DS25: 0.12957518 | DT25: 0.54409752 | DU25: 0.24139162 | DV25: -0.0057161321 | DZ25: 0.4844005 | EA25: 0.039197487 | EB25: 0.044494012 | EC25: 0.036779102 | ED25: -0.011629778 | EE25: -0.023870517 | EF25: 0.0013833263 | EG25: 0.12860782 | EH25: -0.25045157 | EI25: -0.13655466 | EJ25: 0.0088337844 | EK25: 0.20769847 | EL25: -0.036703164 | EM25: 0.19843933 | EN25: -0.23138178 | EO25: -0.1318596 | EP25: -0.16423614 | EQ25: 0.015204612 | ER25: -0.11744244 | ES25: 0.088378401 | ET25: 0.2066947 | EU25: -0.085145049 | EV25: -0.1753079 | EW25: 0.081626596 | EX25: 0.285783 | EY25: 0.030674521 | EZ25: -0.074835944 | FA25: -0.17480301 | FB25: 0.099273691 | FC25: 0.12207855 | FD25: -0.32982919 | FE25: -0.002965261 | FF25: 0.048370786 | FG25: 0.17243871 | FH25: 0.22147391 | FI25: 0.064834237 | FJ25: -0.11764119 | FK25: -0.16928084 | FL25: 0.45495127 | FM25: -0.13542249
B26: 0.28132814 | C26: 0.67226819 | D26: 0.98216086 | E26: 0.6049039 | F26: 0.062437226 | G26: 0.42413139 | H26: 0.28286254 | I26: 0.4815302 | J26: 0.37454517 | K26: 0.7609799 | L26: 0.57155079 | M26: 0.65220809 | N26: 0.32339577 | O26: 0.36552554 | P26: 0.48729617 | Q26: 0.47815766 | R26: 1.0442267 | S26: 0.84423473 | T26: 1.2357146 | U26: 0.3454446 | V26: 0.34292614 | W26: 0.94960375 | X26: 0.047262797 | Y26: 0.34627418 | Z26: 2.6626633 | AQ26: 0 | AR26: 0 | AS26: 0 | AT26: 0 | AU26: 0 | AV26: 0 | AW26: 0 | AX26: 0 | AY26: 0 | AZ26: 0 | BA26: 0 | BB26: 0 | BC26: 0 | BD26: 0 | BE26: 0 | BF26: 0 | BG26: 0 | BH26: 0 | BI26: 0 | BJ26: 0 | BK26: 0 | BL26: 0 | BM26: 0 | BN26: 0 | BO26: 2.6626633 | BP26: 1.4457922 | BQ26: 0.4444211 | BR26: 0.75063289 | BS26: 0.61225691 | BT26: 0.20399638 | BU26: 0.52293746 | BV26: -0.18359373 | BW26: 0.81644605 | BX26: 0.13830158 | BY26: 0.25589161 | BZ26: 0.13463472 | CA26: 0.88538315 | CB26: 0.33414699 | CC26: 0.024669387 | CJ26: 0.28132814 | CK26: 0.67226819 | CL26: 0.98216086 | CM26: 0.6049039 | CN26: 0.062437226 | CO26: 0.42413139 | CP26: 0.28286254 | CQ26: 0.4815302 | CR26: 0.37454517 | CS26: 0.7609799 | CT26: 0.57155079 | CU26: 0.65220809 | CV26: 0.32339577 | CW26: 0.36552554 | CX26: 0.48729617 | CY26: 0.47815766 | CZ26: 1.0442267 | DA26: 0.84423473 | DB26: 1.2357146 | DC26: 0.3454446 | DD26: 0.34292614 | DE26: 0.94960375 | DF26: 0.047262797 | DG26: 0.34627418 | DH26: 2.6626633 | DI26: 1.4457922 | DJ26: 0.4444211 | DK26: 0.75063289 | DL26: 0.61225691 | DM26: 0.20399638 | DN26: 0.52293746 | DO26: -0.18359373 | DP26: 0.81644605 | DQ26: 0.13830158 | DR26: 0.25589161 | DS26: 0.13463472 | DT26: 0.88538315 | DU26: 0.33414699 | DV26: 0.024669387 | DZ26: 0.46955809 | EA26: 0.049498834 | EB26: 0.11787337 | EC26: 0.13525645 | ED26: -0.035649947 | EE26: -0.024505855 | EF26: -0.49132325 | EG26: 0.051642824 | EH26: 0.21922608 | EI26: 0.16748705 | EJ26: 0.067342383 | EK26: -0.23368581 | EL26: -0.11430054 | EM26: -0.06199105 | EN26: -0.026660918 | EO26: 0.11412801 | EP26: 0.025083298 | EQ26: 0.1654511 | ER26: -0.078866857 | ES26: -0.068228941 | ET26: -0.012853281 | EU26: 0.082832468 | EV26: 0.060559214 | EW26: -0.13678921 | EX26: -0.054132575 | EY26: -0.14687209 | EZ26: 0.096504887 | FA26: -0.0087932869 | FB26: -0.0023543088 | FC26: 0.058256061 | FD26: -0.60411289 | FE26: 0.041860814 | FF26: -0.18523753 | FG26: -0.046833623 | FH26: 0.094119337 | FI26: 0.0016217208 | FJ26: -0.00026245652 | FK26: 0.11090504 | FL26: 0.018826435 | FM26: 0.15239172
B27: 0.2832201 | C27: 0.72454799 | D27: 1.0818818 | E27: 0.75003197 | F27: 0.47800348 | G27: 0.44927886 | H27: 0.35839523 | I27: 0.5300651 | J27: 0.80107377 | K27: 0.82114021 | L27: 0.5731374 | M27: 0.72867353 | N27: 0.1405793 | O27: 0.47623599 | P27: 0.69588809 | Q27: 0.39622013 | R27: 0.97551602 | S27: 0.74497147 | T27: 1.1315336 | U27: 0.23549243 | V27: 0.39871452 | W27: 1.1284416 | X27: 0.41629447 | Y27: 0.56537028 | Z27: 1.4457922 | AA27: 2.4833045 | AQ27: 0 | AR27: 0 | AS27: 0 | AT27: 0 | AU27: 0 | AV27: 0 | AW27: 0 | AX27: 0 | AY27: 0 | AZ27: 0 | BA27: 0 | BB27: 0 | BC27: 0 | BD27: 0 | BE27: 0 | BF27: 0 | BG27: 0 | BH27: 0 | BI27: 0 | BJ27: 0 | BK27: 0 | BL27: 0 | BM27: 0 | BN27: 0 | BO27: 0 | BP27: 2.4833045 | BQ27: 0.47041497 | BR27: 0.93367207 | BS27: 0.65742204 | BT27: 0.19824692 | BU27: 0.53594688 | BV27: 0.98884442 | BW27: 1.0843667 | BX27: 0.1132699 | BY27: 0.45143573 | BZ27: 0.19193313 | CA27: 0.86901723 | CB27: 0.4342252 | CC27: 0.024518689 | CJ27: 0.2832201 | CK27: 0.72454799 | CL27: 1.0818818 | CM27: 0.75003197 | CN27: 0.47800348 | CO27: 0.44927886 | CP27: 0.35839523 | CQ27: 0.5300651 | CR27: 0.80107377 | CS27: 0.82114021 | CT27: 0.5731374 | CU27: 0.72867353 | CV27: 0.1405793 | CW27: 0.47623599 | CX27: 0.69588809 | CY27: 0.39622013 | CZ27: 0.97551602 | DA27: 0.74497147 | DB27: 1.1315336 | DC27: 0.23549243 | DD27: 0.39871452 | DE27: 1.1284416 | DF27: 0.41629447 | DG27: 0.56537028 | DH27: 1.4457922 | DI27: 2.4833045 | DJ27: 0.47041497 | DK27: 0.93367207 | DL27: 0.65742204 | DM27: 0.19824692 | DN27: 0.53594688 | DO27: 0.98884442 | DP27: 1.0843667 | DQ27: 0.1132699 | DR27: 0.45143573 | DS27: 0.19193313 | DT27: 0.86901723 | DU27: 0.4342252 | DV27: 0.024518689 | DZ27: 0.4199621 | EA27: 0.16202713 | EB27: 0.26003708 | EC27: 0.10349002 | ED27: -0.21396052 | EE27: -0.011581256 | EF27: -0.17054146 | EG27: 0.17841412 | EH27: 0.0060928359 | EI27: 0.081062594 | EJ27: 0.06614632 | EK27: -0.14846337 | EL27: -0.0024801093 | EM27: 0.023108918 | EN27: -0.050008049 | EO27: 0.16571369 | EP27: 0.12229514 | EQ27: -0.062913265 | ER27: -0.12426343 | ES27: 0.083647482 | ET27: 0.10362847 | EU27: -0.04627775 | EV27: -0.31337658 | EW27: -0.2125093 | EX27: 0.22974608 | EY27: -0.13545875 | EZ27: 0.050517001 | FA27: -0.19639232 | FB27: 0.060345028 | FC27: -0.17256043 | FD27: 0.36277372 | FE27: 0.36288761 | FF27: -0.10651395 | FG27: 0.091444197 | FH27: -0.033296283 | FI27: 0.050574856 | FJ27: 0.026963824 | FK27: 0.039048318 | FL27: -0.11799948 | FM27: -0.28097868
B28: 0.15808195 | C28: 0.33001503 | D28: 0.5298517 | E28: 0.33987703 | F28: 0.3513697 | G28: 0.23616967 | H28: 0.10075386 | I28: 0.25475046 | J28: 0.4401378 | K28: 0.39351873 | L28: 0.30371274 | M28: 0.22483677 | N28: 0.20858217 | O28: 0.14755491 | P28: 0.21309189 | Q28: 0.24605356 | R28: 0.4851903 | S28: 0.36100883 | T28: 0.4095593 | U28: 0.1194402 | V28: 0.1145161 | W28: 0.48449533 | X28: 0.23777919 | Y28: 0.13281105 | Z28: 0.4444211 | AA28: 0.47041497 | AB28: 0.52815609 | AQ28: 0 | AR28: 0 | AS28: 0 | AT28: 0 | AU28: 0 | AV28: 0 | AW28: 0 | AX28: 0 | AY28: 0 | AZ28: 0 | BA28: 0 | BB28: 0 | BC28: 0 | BD28: 0 | BE28: 0 | BF28: 0 | BG28: 0 | BH28: 0 | BI28: 0 | BJ28: 0 | BK28: 0 | BL28: 0 | BM28: 0 | BN28: 0 | BO28: 0 | BP28: 0 | BQ28: 0.52815609 | BR28: 0.31925067 | BS28: 0.25079107 | BT28: 0.11859237 | BU28: 0.27485995 | BV28: 0.33670996 | BW28: 0.35316642 | BX28: 0.10724858 | BY28: 0.16272422 | BZ28: 0.068369035 | CA28: 0.44267493 | CB28: 0.16887638 | CC28: 0.011017465 | CJ28: 0.15808195 | CK28: 0.33001503 | CL28: 0.5298517 | CM28: 0.33987703 | CN28: 0.3513697 | CO28: 0.23616967 | CP28: 0.10075386 | CQ28: 0.25475046 | CR28: 0.4401378 | CS28: 0.39351873 | CT28: 0.30371274 | CU28: 0.22483677 | CV28: 0.20858217 | CW28: 0.14755491 | CX28: 0.21309189 | CY28: 0.24605356 | CZ28: 0.4851903 | DA28: 0.36100883 | DB28: 0.4095593 | DC28: 0.1194402 | DD28: 0.1145161 | DE28: 0.48449533 | DF28: 0.23777919 | DG28: 0.13281105 | DH28: 0.4444211 | DI28: 0.47041497 | DJ28: 0.52815609 | DK28: 0.31925067 | DL28: 0.25079107 | DM28: 0.11859237 | DN28: 0.27485995 | DO28: 0.33670996 | DP28: 0.35316642 | DQ28: 0.10724858 | DR28: 0.16272422 | DS28: 0.068369035 | DT28: 0.44267493 | DU28: 0.16887638 | DV28: 0.011017465 | DZ28: 0.35719401 | EA28: -0.14156785 | EB28: -0.12162577 | EC28: -0.0085433782 | ED28: 0.14328357 | EE28: 0.06231145 | EF28: 0.056891399 | EG28: 0.018884475 | EH28: -0.19568396 | EI28: -0.20429726 | EJ28: -0.041971768 | EK28: 0.39102963 | EL28: -0.091078498 | EM28: -0.13504495 | EN28: 0.093264512 | EO28: 0.10885707 | EP28: -0.010684845 | EQ28: -0.050536313 | ER28: -0.32709541 | ES28: 0.0087465897 | ET28: 0.13684023 | EU28: -0.031385984 | EV28: -0.041485357 | EW28: 0.039224914 | EX28: 0.14978492 | EY28: -0.057185448 | EZ28: -0.012374973 | FA28: 0.12297769 | FB28: -0.068357705 | FC28: -0.044200417 | FD28: -0.19631731 | FE28: 0.37475851 | FF28: -0.053833832 | FG28: 0.092128931 | FH28: -0.053241044 | FI28: -0.088176608 | FJ28: 0.050292662 | FK28: 0.37521166 | FL28: -0.31044759 | FM28: 0.18527022
B29: 0.24606758 | C29: 0.66062078 | D29: 0.18208902 | E29: 0.6757587 | F29: 0.64220254 | G29: 0.38522588 | H29: 0.29127638 | I29: 0.40393195 | J29: 0.66188905 | K29: 0.60179651 | L29: 0.39433419 | M29: 0.26494318 | N29: 0.22900201 | O29: 0.29658996 | P29: 0.51572476 | Q29: 0.43994914 | R29: 0.77302312 | S29: 0.61531993 | T29: 0.64196261 | U29: 0.16204702 | V29: 0.2690742 | W29: 0.80856837 | X29: 0.2710885 | Y29: 0.44855668 | Z29: 0.75063289 | AA29: 0.93367207 | AB29: 0.31925067 | AC29: 1.8574753 | AQ29: 0 | AR29: 0 | AS29: 0 | AT29: 0 | AU29: 0 | AV29: 0 | AW29: 0 | AX29: 0 | AY29: 0 | AZ29: 0 | BA29: 0 | BB29: 0 | BC29: 0 | BD29: 0 | BE29: 0 | BF29: 0 | BG29: 0 | BH29: 0 | BI29: 0 | BJ29: 0 | BK29: 0 | BL29: 0 | BM29: 0 | BN29: 0 | BO29: 0 | BP29: 0 | BQ29: 0 | BR29: 1.8574753 | BS29: 0.26691094 | BT29: 0.020732278 | BU29: 0.34165176 | BV29: 0.87064139 | BW29: 0.6065266 | BX29: 0.036821066 | BY29: 0.31532307 | BZ29: 0.03573833 | CA29: 0.76248315 | CB29: 0.21588932 | CC29: -0.021750972 | CJ29: 0.24606758 | CK29: 0.66062078 | CL29: 0.18208902 | CM29: 0.6757587 | CN29: 0.64220254 | CO29: 0.38522588 | CP29: 0.29127638 | CQ29: 0.40393195 | CR29: 0.66188905 | CS29: 0.60179651 | CT29: 0.39433419 | CU29: 0.26494318 | CV29: 0.22900201 | CW29: 0.29658996 | CX29: 0.51572476 | CY29: 0.43994914 | CZ29: 0.77302312 | DA29: 0.61531993 | DB29: 0.64196261 | DC29: 0.16204702 | DD29: 0.2690742 | DE29: 0.80856837 | DF29: 0.2710885 | DG29: 0.44855668 | DH29: 0.75063289 | DI29: 0.93367207 | DJ29: 0.31925067 | DK29: 1.8574753 | DL29: 0.26691094 | DM29: 0.020732278 | DN29: 0.34165176 | DO29: 0.87064139 | DP29: 0.6065266 | DQ29: 0.036821066 | DR29: 0.31532307 | DS29: 0.03573833 | DT29: 0.76248315 | DU29: 0.21588932 | DV29: -0.021750972 | DZ29: 0.34778749 | EA29: -0.1020368 | EB29: -0.0061040625 | EC29: 0.13206114 | ED29: 0.16499361 | EE29: 0.2367873 | EF29: -0.56108562 | EG29: 0.098075933 | EH29: -0.24305347 | EI29: -0.095149659 | EJ29: 0.17340654 | EK29: 0.19995281 | EL29: 0.016340068 | EM29: -0.27544587 | EN29: 0.061852486 | EO29: -0.054245474 | EP29: 0.12396119 | EQ29: 0.050650823 | ER29: 0.16870822 | ES29: -0.16320729 | ET29: -0.17806796 | EU29: 0.0037548539 | EV29: -0.19699499 | EW29: 0.095902926 | EX29: 0.16785152 | EY29: 0.19052159 | EZ29: -0.081676514 | FA29: -0.046170618 | FB29: 0.017186058 | FC29: 0.0086355278 | FD29: 0.21084941 | FE29: -0.16767928 | FF29: 0.069431836 | FG29: -0.15472729 | FH29: 0.008062533 | FI29: -0.00053169701 | FJ29: 0.023087232 | FK29: -0.043288592 | FL29: 0.041566142 | FM29: 0.10658718
B30: 0.17948043 | C30: 0.39551287 | D30: 0.63284749 | E30: 0.46499594 | F30: 0.50200183 | G30: 0.3574028 | H30: 0.22276374 | I30: 0.37964889 | J30: 0.64935623 | K30: 0.50826014 | L30: 0.35935314 | M30: 0.48704365 | N30: 0.19051929 | O30: 0.2363335 | P30: 0.30265129 | Q30: 0.16703232 | R30: 1.0486665 | S30: 0.57589664 | T30: 0.60555196 | U30: 0.19296891 | V30: 0.15545562 | W30: 0.62833451 | X30: 0.32268053 | Y30: 0.35354061 | Z30: 0.61225691 | AA30: 0.65742204 | AB30: 0.25079107 | AC30: 0.26691094 | AD30: 1.0430354 | AQ30: 0 | AR30: 0 | AS30: 0 | AT30: 0 | AU30: 0 | AV30: 0 | AW30: 0 | AX30: 0 | AY30: 0 | AZ30: 0 | BA30: 0 | BB30: 0 | BC30: 0 | BD30: 0 | BE30: 0 | BF30: 0 | BG30: 0 | BH30: 0 | BI30: 0 | BJ30: 0 | BK30: 0 | BL30: 0 | BM30: 0 | BN30: 0 | BO30: 0 | BP30: 0 | BQ30: 0 | BR30: 0 | BS30: 1.0430354 | BT30: 0.20553165 | BU30: 0.47655843 | BV30: 0.45117121 | BW30: 0.50188391 | BX30: 0.11294952 | BY30: 0.29364945 | BZ30: 0.17363508 | CA30: 0.69486037 | CB30: 0.27240597 | CC30: -0.087333335 | CJ30: 0.17948043 | CK30: 0.39551287 | CL30: 0.63284749 | CM30: 0.46499594 | CN30: 0.50200183 | CO30: 0.3574028 | CP30: 0.22276374 | CQ30: 0.37964889 | CR30: 0.64935623 | CS30: 0.50826014 | CT30: 0.35935314 | CU30: 0.48704365 | CV30: 0.19051929 | CW30: 0.2363335 | CX30: 0.30265129 | CY30: 0.16703232 | CZ30: 1.0486665 | DA30: 0.57589664 | DB30: 0.60555196 | DC30: 0.19296891 | DD30: 0.15545562 | DE30: 0.62833451 | DF30: 0.32268053 | DG30: 0.35354061 | DH30: 0.61225691 | DI30: 0.65742204 | DJ30: 0.25079107 | DK30: 0.26691094 | DL30: 1.0430354 | DM30: 0.20553165 | DN30: 0.47655843 | DO30: 0.45117121 | DP30: 0.50188391 | DQ30: 0.11294952 | DR30: 0.29364945 | DS30: 0.17363508 | DT30: 0.69486037 | DU30: 0.27240597 | DV30: -0.087333335 | DZ30: 0.26781226 | EA30: -0.3451017 | EB30: -0.14675429 | EC30: -0.017184838 | ED30: -0.020943081 | EE30: 0.46282793 | EF30: -0.092333534 | EG30: -0.18306171 | EH30: -0.042995909 | EI30: -0.066366547 | EJ30: -0.14838158 | EK30: -0.06659886 | EL30: 0.2506903 | EM30: 0.1152901 | EN30: 0.062411626 | EO30: 0.12319924 | EP30: -0.10348144 | EQ30: -0.098182746 | ER30: 0.16097259 | ES30: 0.014380156 | ET30: 0.067999501 | EU30: 0.15036297 | EV30: -0.14611736 | EW30: -0.33042095 | EX30: -0.17682446 | EY30: 0.018479253 | EZ30: 0.062208764 | FA30: 0.22337203 | FB30: 0.0064204499 | FC30: -0.061358929 | FD30: -0.067931773 | FE30: 0.13807855 | FF30: -0.00019836402 | FG30: 0.040729949 | FH30: 0.20737622 | FI30: -0.053169618 | FJ30: -0.14562491 | FK30: 0.025486769 | FL30: 0.10644339 | FM30: -0.27695722
B31: 0.08208066 | C31: 0.084466012 | D31: 0.19791445 | E31: 0.14445926 | F31: 0.18484931 | G31: 0.15582966 | H31: 0.090774139 | I31: 0.15812724 | J31: 0.24153839 | K31: 0.27369148 | L31: 0.14509472 | M31: 0.1663525 | N31: 0.17974495 | O31: 0.099499283 | P31: 0.046942408 | Q31: 0.13478342 | R31: 0.25909946 | S31: 0.22308655 | T31: 0.18339242 | U31: 0.083381101 | V31: 0.055273894 | W31: 0.19010467 | X31: 0.1141091 | Y31: 0.098871505 | Z31: 0.20399638 | AA31: 0.19824692 | AB31: 0.11859237 | AC31: 0.020732278 | AD31: 0.20553165 | AE31: 0.52596654 | AQ31: 0 | AR31: 0 | AS31: 0 | AT31: 0 | AU31: 0 | AV31: 0 | AW31: 0 | AX31: 0 | AY31: 0 | AZ31: 0 | BA31: 0 | BB31: 0 | BC31: 0 | BD31: 0 | BE31: 0 | BF31: 0 | BG31: 0 | BH31: 0 | BI31: 0 | BJ31: 0 | BK31: 0 | BL31: 0 | BM31: 0 | BN31: 0 | BO31: 0 | BP31: 0 | BQ31: 0 | BR31: 0 | BS31: 0 | BT31: 0.52596654 | BU31: 0.21885514 | BV31: 0.095595899 | BW31: 0.11770905 | BX31: 0.091838441 | BY31: 0.068509894 | BZ31: 0.084606776 | CA31: 0.26874673 | CB31: 0.12793938 | CC31: 0.036160552 | CJ31: 0.08208066 | CK31: 0.084466012 | CL31: 0.19791445 | CM31: 0.14445926 | CN31: 0.18484931 | CO31: 0.15582966 | CP31: 0.090774139 | CQ31: 0.15812724 | CR31: 0.24153839 | CS31: 0.27369148 | CT31: 0.14509472 | CU31: 0.1663525 | CV31: 0.17974495 | CW31: 0.099499283 | CX31: 0.046942408 | CY31: 0.13478342 | CZ31: 0.25909946 | DA31: 0.22308655 | DB31: 0.18339242 | DC31: 0.083381101 | DD31: 0.055273894 | DE31: 0.19010467 | DF31: 0.1141091 | DG31: 0.098871505 | DH31: 0.20399638 | DI31: 0.19824692 | DJ31: 0.11859237 | DK31: 0.020732278 | DL31: 0.20553165 | DM31: 0.52596654 | DN31: 0.21885514 | DO31: 0.095595899 | DP31: 0.11770905 | DQ31: 0.091838441 | DR31: 0.068509894 | DS31: 0.084606776 | DT31: 0.26874673 | DU31: 0.12793938 | DV31: 0.036160552 | DZ31: 0.26395894 | EA31: 0.013782573 | EB31: 0.19768328 | EC31: -0.14537419 | ED31: -0.10790632 | EE31: -0.0055591139 | EF31: 0.16791781 | EG31: 0.19701645 | EH31: -0.058096808 | EI31: -0.056321196 | EJ31: -0.012375594 | EK31: 0.32199764 | EL31: -0.15588677 | EM31: -0.0032647341 | EN31: -0.0079650745 | EO31: 0.3686703 | EP31: 0.17739818 | EQ31: 0.10066443 | ER31: 0.093172912 | ES31: 0.076694166 | ET31: -0.1619579 | EU31: -0.028965785 | EV31: -0.041964905 | EW31: -0.16184289 | EX31: 0.10643512 | EY31: -0.24828442 | EZ31: 0.16234202 | FA31: 0.26816709 | FB31: -0.1669975 | FC31: 0.04137575 | FD31: 0.0063318362 | FE31: -0.40828189 | FF31: -0.22292473 | FG31: -0.13462092 | FH31: 0.10457466 | FI31: -0.031935112 | FJ31: -0.075675886 | FK31: 0.067663909 | FL31: 0.084081872 | FM31: -0.1196665
B32: 0.18941174 | C32: 0.3168544 | D32: 0.64536092 | E32: 0.37293839 | F32: 0.44544432 | G32: 0.36201872 | H32: 0.20802044 | I32: 0.32298137 | J32: 0.57564332 | K32: 0.57499105 | L32: 0.33575247 | M32: 0.4794539 | N32: 0.35103584 | O32: 0.31666361 | P32: 0.22997119 | Q32: 0.4170675 | R32: 0.86158911 | S32: 0.44255578 | T32: 0.50895592 | U32: 0.16310851 | V32: 0.1661418 | W32: 0.57327241 | X32: 0.3031421 | Y32: 0.29752274 | Z32: 0.52293746 | AA32: 0.53594688 | AB32: 0.27485995 | AC32: 0.34165176 | AD32: 0.47655843 | AE32: 0.21885514 | AF32: 0.76514494 | AQ32: 0 | AR32: 0 | AS32: 0 | AT32: 0 | AU32: 0 | AV32: 0 | AW32: 0 | AX32: 0 | AY32: 0 | AZ32: 0 | BA32: 0 | BB32: 0 | BC32: 0 | BD32: 0 | BE32: 0 | BF32: 0 | BG32: 0 | BH32: 0 | BI32: 0 | BJ32: 0 | BK32: 0 | BL32: 0 | BM32: 0 | BN32: 0 | BO32: 0 | BP32: 0 | BQ32: 0 | BR32: 0 | BS32: 0 | BT32: 0 | BU32: 0.76514494 | BV32: 0.25647627 | BW32: 0.43024192 | BX32: 0.21637729 | BY32: 0.23341053 | BZ32: 0.20970667 | CA32: 0.6619123 | CB32: 0.34245285 | CC32: 0.025621483 | CJ32: 0.18941174 | CK32: 0.3168544 | CL32: 0.64536092 | CM32: 0.37293839 | CN32: 0.44544432 | CO32: 0.36201872 | CP32: 0.20802044 | CQ32: 0.32298137 | CR32: 0.57564332 | CS32: 0.57499105 | CT32: 0.33575247 | CU32: 0.4794539 | CV32: 0.35103584 | CW32: 0.31666361 | CX32: 0.22997119 | CY32: 0.4170675 | CZ32: 0.86158911 | DA32: 0.44255578 | DB32: 0.50895592 | DC32: 0.16310851 | DD32: 0.1661418 | DE32: 0.57327241 | DF32: 0.3031421 | DG32: 0.29752274 | DH32: 0.52293746 | DI32: 0.53594688 | DJ32: 0.27485995 | DK32: 0.34165176 | DL32: 0.47655843 | DM32: 0.21885514 | DN32: 0.76514494 | DO32: 0.25647627 | DP32: 0.43024192 | DQ32: 0.21637729 | DR32: 0.23341053 | DS32: 0.20970667 | DT32: 0.6619123 | DU32: 0.34245285 | DV32: 0.025621483 | DZ32: 0.23597479 | EA32: -0.14268802 | EB32: -0.032849462 | EC32: 0.00081291122 | ED32: 0.071828197 | EE32: 0.19924402 | EF32: -0.063651952 | EG32: -0.046297832 | EH32: 0.004729167 | EI32: -0.068344041 | EJ32: -0.11426718 | EK32: 0.075142564 | EL32: -0.056633664 | EM32: 0.32048256 | EN32: -0.24543598 | EO32: 0.29848905 | EP32: 0.17808911 | EQ32: 0.17592077 | ER32: -0.14009035 | ES32: -0.079133603 | ET32: 0.19017806 | EU32: 0.15901877 | EV32: -0.048311649 | EW32: -0.056001784 | EX32: -0.21261444 | EY32: -0.013348536 | EZ32: 0.023668232 | FA32: -0.30090378 | FB32: -0.026754517 | FC32: 0.057207791 | FD32: 0.13272932 | FE32: -0.21464831 | FF32: -0.049116714 | FG32: 0.30622666 | FH32: -0.23672253 | FI32: 0.058969102 | FJ32: 0.18607014 | FK32: -0.13588887 | FL32: -0.033840756 | FM32: 0.2815723
B33: 0.22308558 | C33: 0.56836818 | D33: 0.7313321 | E33: 0.58648265 | F33: 0.51569684 | G33: 0.32628516 | H33: 0.21365829 | I33: 0.35892671 | J33: 0.59255719 | K33: 0.56287129 | L33: 0.37999551 | M33: 0.47927398 | N33: 0.23932443 | O33: 0.29901277 | P33: 0.54265559 | Q33: 0.27287558 | R33: 0.69942474 | S33: 0.65875448 | T33: 0.39346514 | U33: 0.1328342 | V33: 0.20296089 | W33: 0.78352941 | X33: 0.24024342 | Y33: 0.54433419 | Z33: -0.18359373 | AA33: 0.98884442 | AB33: 0.33670996 | AC33: 0.87064139 | AD33: 0.45117121 | AE33: 0.095595899 | AF33: 0.25647627 | AG33: 2.1253799 | AQ33: 0 | AR33: 0 | AS33: 0 | AT33: 0 | AU33: 0 | AV33: 0 | AW33: 0 | AX33: 0 | AY33: 0 | AZ33: 0 | BA33: 0 | BB33: 0 | BC33: 0 | BD33: 0 | BE33: 0 | BF33: 0 | BG33: 0 | BH33: 0 | BI33: 0 | BJ33: 0 | BK33: 0 | BL33: 0 | BM33: 0 | BN33: 0 | BO33: 0 | BP33: 0 | BQ33: 0 | BR33: 0 | BS33: 0 | BT33: 0 | BU33: 0 | BV33: 2.1253799 | BW33: 0.71368286 | BX33: 0.014673028 | BY33: 0.30630249 | BZ33: 0.043339212 | CA33: 0.74907434 | CB33: 0.21300819 | CC33: 0.03305284 | CJ33: 0.22308558 | CK33: 0.56836818 | CL33: 0.7313321 | CM33: 0.58648265 | CN33: 0.51569684 | CO33: 0.32628516 | CP33: 0.21365829 | CQ33: 0.35892671 | CR33: 0.59255719 | CS33: 0.56287129 | CT33: 0.37999551 | CU33: 0.47927398 | CV33: 0.23932443 | CW33: 0.29901277 | CX33: 0.54265559 | CY33: 0.27287558 | CZ33: 0.69942474 | DA33: 0.65875448 | DB33: 0.39346514 | DC33: 0.1328342 | DD33: 0.20296089 | DE33: 0.78352941 | DF33: 0.24024342 | DG33: 0.54433419 | DH33: -0.18359373 | DI33: 0.98884442 | DJ33: 0.33670996 | DK33: 0.87064139 | DL33: 0.45117121 | DM33: 0.095595899 | DN33: 0.25647627 | DO33: 2.1253799 | DP33: 0.71368286 | DQ33: 0.014673028 | DR33: 0.30630249 | DS33: 0.043339212 | DT33: 0.74907434 | DU33: 0.21300819 | DV33: 0.03305284 | DZ33: 0.20763643 | EA33: -0.014108388 | EB33: -0.090313384 | EC33: 0.10927344 | ED33: 0.16496187 | EE33: -0.14164995 | EF33: -0.04974132 | EG33: -0.098942118 | EH33: 0.13427195 | EI33: -0.014613462 | EJ33: -0.13338667 | EK33: 0.14901113 | EL33: -0.18503002 | EM33: -0.050139801 | EN33: 0.19347893 | EO33: 0.1599172 | EP33: 0.05114369 | EQ33: -0.064807705 | ER33: -0.051625449 | ES33: 0.039925347 | ET33: -0.050903879 | EU33: 0.19593161 | EV33: 0.088246589 | EW33: 0.17038295 | EX33: -0.19796575 | EY33: -0.026353054 | EZ33: -0.035744581 | FA33: -0.53569389 | FB33: -0.00028628858 | FC33: -0.00055593095 | FD33: 0.10020719 | FE33: -0.06372538 | FF33: 0.013142113 | FG33: -0.039215236 | FH33: 0.31484989 | FI33: -0.12477518 | FJ33: -0.23995943 | FK33: 0.26573597 | FL33: 0.060719381 | FM33: -0.28769263
B34: 0.21949511 | C34: 0.55420368 | D34: 0.79402954 | E34: 0.61082471 | F34: 0.59817429 | G34: 0.34201211 | H34: 0.23830321 | I34: 0.45168982 | J34: 0.78977023 | K34: 0.62944683 | L34: 0.4501929 | M34: 0.58297403 | N34: 0.12022357 | O34: 0.29938083 | P34: 0.45664617 | Q34: 0.36869263 | R34: 0.81836497 | S34: 0.65732888 | T34: 1.2120483 | U34: -0.11629737 | V34: 0.18371405 | W34: 0.86268759 | X34: 0.41995378 | Y34: 0.49978607 | Z34: 0.81644605 | AA34: 1.0843667 | AB34: 0.35316642 | AC34: 0.6065266 | AD34: 0.50188391 | AE34: 0.11770905 | AF34: 0.43024192 | AG34: 0.71368286 | AH34: 1.4295372 | AQ34: 0 | AR34: 0 | AS34: 0 | AT34: 0 | AU34: 0 | AV34: 0 | AW34: 0 | AX34: 0 | AY34: 0 | AZ34: 0 | BA34: 0 | BB34: 0 | BC34: 0 | BD34: 0 | BE34: 0 | BF34: 0 | BG34: 0 | BH34: 0 | BI34: 0 | BJ34: 0 | BK34: 0 | BL34: 0 | BM34: 0 | BN34: 0 | BO34: 0 | BP34: 0 | BQ34: 0 | BR34: 0 | BS34: 0 | BT34: 0 | BU34: 0 | BV34: 0 | BW34: 1.4295372 | BX34: 0.094984498 | BY34: 0.30375556 | BZ34: 0.067681575 | CA34: 0.70324567 | CB34: 0.3007665 | CC34: 0.021217564 | CJ34: 0.21949511 | CK34: 0.55420368 | CL34: 0.79402954 | CM34: 0.61082471 | CN34: 0.59817429 | CO34: 0.34201211 | CP34: 0.23830321 | CQ34: 0.45168982 | CR34: 0.78977023 | CS34: 0.62944683 | CT34: 0.4501929 | CU34: 0.58297403 | CV34: 0.12022357 | CW34: 0.29938083 | CX34: 0.45664617 | CY34: 0.36869263 | CZ34: 0.81836497 | DA34: 0.65732888 | DB34: 1.2120483 | DC34: -0.11629737 | DD34: 0.18371405 | DE34: 0.86268759 | DF34: 0.41995378 | DG34: 0.49978607 | DH34: 0.81644605 | DI34: 1.0843667 | DJ34: 0.35316642 | DK34: 0.6065266 | DL34: 0.50188391 | DM34: 0.11770905 | DN34: 0.43024192 | DO34: 0.71368286 | DP34: 1.4295372 | DQ34: 0.094984498 | DR34: 0.30375556 | DS34: 0.067681575 | DT34: 0.70324567 | DU34: 0.3007665 | DV34: 0.021217564 | DZ34: 0.19530107 | EA34: -0.40544756 | EB34: 0.21512055 | EC34: -0.25528729 | ED34: 0.1193192 | EE34: -0.1220641 | EF34: 0.16479195 | EG34: 0.10064204 | EH34: 0.075433158 | EI34: 0.20734904 | EJ34: 0.10101391 | EK34: -0.090122938 | EL34: -0.10294932 | EM34: -0.03578914 | EN34: -0.12723367 | EO34: 0.12647832 | EP34: 0.23163621 | EQ34: -0.0063721274 | ER34: 0.051744391 | ES34: -0.049291726 | ET34: -0.057896353 | EU34: 0.19274097 | EV34: -0.19755572 | EW34: 0.12862718 | EX34: 0.059832624 | EY34: 0.25259494 | EZ34: -0.086835068 | FA34: -0.052497038 | FB34: -0.33959059 | FC34: -0.17876276 | FD34: -0.18669039 | FE34: 0.19291563 | FF34: 0.2642795 | FG34: -0.096039245 | FH34: 0.0092749917 | FI34: 0.055649415 | FJ34: 0.029280045 | FK34: -0.081600008 | FL34: 0.052130674 | FM34: -0.047734525
B35: 0.10879614 | C35: 0.04520859 | D35: 0.39209742 | E35: 0.16264634 | F35: 0.21228118 | G35: 0.25165004 | H35: 0.17380109 | I35: 0.16837669 | J35: 0.26715796 | K35: 0.44699003 | L35: 0.19098008 | M35: 0.23713267 | N35: 0.51892834 | O35: 0.4495406 | P35: 0.041934797 | Q35: 0.19594429 | R35: 0.29314427 | S35: 0.14054324 | T35: 0.11167561 | U35: 0.030396804 | V35: 0.036500068 | W35: 0.18322545 | X35: 0.14540492 | Y35: 0.1228934 | Z35: 0.13830158 | AA35: 0.1132699 | AB35: 0.10724858 | AC35: 0.036821066 | AD35: 0.11294952 | AE35: 0.091838441 | AF35: 0.21637729 | AG35: 0.014673028 | AH35: 0.094984498 | AI35: 1.271385 | AQ35: 0 | AR35: 0 | AS35: 0 | AT35: 0 | AU35: 0 | AV35: 0 | AW35: 0 | AX35: 0 | AY35: 0 | AZ35: 0 | BA35: 0 | BB35: 0 | BC35: 0 | BD35: 0 | BE35: 0 | BF35: 0 | BG35: 0 | BH35: 0 | BI35: 0 | BJ35: 0 | BK35: 0 | BL35: 0 | BM35: 0 | BN35: 0 | BO35: 0 | BP35: 0 | BQ35: 0 | BR35: 0 | BS35: 0 | BT35: 0 | BU35: 0 | BV35: 0 | BW35: 0 | BX35: 1.271385 | BY35: -0.11217024 | BZ35: 1.1416561 | CA35: 0.012423198 | CB35: 0.078653184 | CC35: 0.1242769 | CJ35: 0.10879614 | CK35: 0.04520859 | CL35: 0.39209742 | CM35: 0.16264634 | CN35: 0.21228118 | CO35: 0.25165004 | CP35: 0.17380109 | CQ35: 0.16837669 | CR35: 0.26715796 | CS35: 0.44699003 | CT35: 0.19098008 | CU35: 0.23713267 | CV35: 0.51892834 | CW35: 0.4495406 | CX35: 0.041934797 | CY35: 0.19594429 | CZ35: 0.29314427 | DA35: 0.14054324 | DB35: 0.11167561 | DC35: 0.030396804 | DD35: 0.036500068 | DE35: 0.18322545 | DF35: 0.14540492 | DG35: 0.1228934 | DH35: 0.13830158 | DI35: 0.1132699 | DJ35: 0.10724858 | DK35: 0.036821066 | DL35: 0.11294952 | DM35: 0.091838441 | DN35: 0.21637729 | DO35: 0.014673028 | DP35: 0.094984498 | DQ35: 1.271385 | DR35: -0.11217024 | DS35: 1.1416561 | DT35: 0.012423198 | DU35: 0.078653184 | DV35: 0.1242769 | DZ35: 0.16394993 | EA35: -0.043329709 | EB35: 0.02109468 | EC35: -0.060130802 | ED35: -0.06372988 | EE35: 0.01134143 | EF35: 0.066909872 | EG35: 0.01645399 | EH35: -0.0086219959 | EI35: 0.10679895 | EJ35: 0.13108105 | EK35: -0.23529163 | EL35: 0.13699355 | EM35: -0.23179327 | EN35: 0.037091258 | EO35: -0.11900272 | EP35: 0.21123404 | EQ35: 0.020796119 | ER35: -0.46158372 | ES35: -0.26940642 | ET35: 0.201745 | EU35: -0.042466524 | EV35: -0.050580799 | EW35: -0.040044239 | EX35: 0.0019372948 | EY35: 0.14709953 | EZ35: -0.076196527 | FA35: 0.17011774 | FB35: -0.015503294 | FC35: 0.090545024 | FD35: 0.084823162 | FE35: -0.3725999 | FF35: 0.056711965 | FG35: 0.31340056 | FH35: 0.20022846 | FI35: -0.0147467 | FJ35: -0.091244584 | FK35: 0.25157094 | FL35: 0.024800848 | FM35: -0.104319
B36: 0.13496531 | C36: 0.2099546 | D36: 0.43042457 | E36: 0.35154471 | F36: 0.38229033 | G36: 0.21873489 | H36: 0.015599052 | I36: 0.264336 | J36: 0.42835865 | K36: -1.9317824 | L36: 0.33251181 | M36: 0.22040583 | N36: -1.2211636 | O36: 0.25517809 | P36: 0.28540625 | Q36: 0.18227706 | R36: 0.48072705 | S36: 0.33981349 | T36: 0.29619345 | U36: 0.021147458 | V36: 0.02900691 | W36: 0.3797829 | X36: 0.19977593 | Y36: 0.23969651 | Z36: 0.25589161 | AA36: 0.45143573 | AB36: 0.16272422 | AC36: 0.31532307 | AD36: 0.29364945 | AE36: 0.068509894 | AF36: 0.23341053 | AG36: 0.30630249 | AH36: 0.30375556 | AI36: -0.11217024 | AJ36: 5.5098649 | AQ36: 0 | AR36: 0 | AS36: 0 | AT36: 0 | AU36: 0 | AV36: 0 | AW36: 0 | AX36: 0 | AY36: 0 | AZ36: 0 | BA36: 0 | BB36: 0 | BC36: 0 | BD36: 0 | BE36: 0 | BF36: 0 | BG36: 0 | BH36: 0 | BI36: 0 | BJ36: 0 | BK36: 0 | BL36: 0 | BM36: 0 | BN36: 0 | BO36: 0 | BP36: 0 | BQ36: 0 | BR36: 0 | BS36: 0 | BT36: 0 | BU36: 0 | BV36: 0 | BW36: 0 | BX36: 0 | BY36: 5.5098649 | BZ36: -0.56104547 | CA36: 0.81416292 | CB36: 0.30033622 | CC36: 0.044396031 | CJ36: 0.13496531 | CK36: 0.2099546 | CL36: 0.43042457 | CM36: 0.35154471 | CN36: 0.38229033 | CO36: 0.21873489 | CP36: 0.015599052 | CQ36: 0.264336 | CR36: 0.42835865 | CS36: -1.9317824 | CT36: 0.33251181 | CU36: 0.22040583 | CV36: -1.2211636 | CW36: 0.25517809 | CX36: 0.28540625 | CY36: 0.18227706 | CZ36: 0.48072705 | DA36: 0.33981349 | DB36: 0.29619345 | DC36: 0.021147458 | DD36: 0.02900691 | DE36: 0.3797829 | DF36: 0.19977593 | DG36: 0.23969651 | DH36: 0.25589161 | DI36: 0.45143573 | DJ36: 0.16272422 | DK36: 0.31532307 | DL36: 0.29364945 | DM36: 0.068509894 | DN36: 0.23341053 | DO36: 0.30630249 | DP36: 0.30375556 | DQ36: -0.11217024 | DR36: 5.5098649 | DS36: -0.56104547 | DT36: 0.81416292 | DU36: 0.30033622 | DV36: 0.044396031 | DZ36: 0.12523385 | EA36: 0.11876085 | EB36: 0.077068496 | EC36: -0.089333722 | ED36: 0.012876192 | EE36: -0.048403487 | EF36: 0.071033596 | EG36: 0.092275853 | EH36: -0.0083365951 | EI36: -0.022396777 | EJ36: 0.08385546 | EK36: 0.112846 | EL36: -0.065901432 | EM36: -0.19563938 | EN36: 0.10289012 | EO36: 0.035146364 | EP36: -0.073937404 | EQ36: -0.068597604 | ER36: 0.5020467 | ES36: -0.53224624 | ET36: 0.20832466 | EU36: -0.01064322 | EV36: 0.068004772 | EW36: 0.035598304 | EX36: -0.082931393 | EY36: -0.064165107 | EZ36: 0.01391089 | FA36: -0.053096446 | FB36: -0.068098943 | FC36: -0.078937869 | FD36: -0.064590535 | FE36: 0.12369493 | FF36: -0.18272645 | FG36: 0.44661824 | FH36: 0.0083054066 | FI36: -0.01704282 | FJ36: -0.0167338 | FK36: -0.07333883 | FL36: -0.00024872753 | FM36: -0.05470727
B37: 0.094750917 | C37: -0.024504149 | D37: 0.34889442 | E37: 0.14597289 | F37: 0.24011147 | G37: 0.26566458 | H37: 0.19514112 | I37: 0.1618536 | J37: 0.32311588 | K37: 0.45298989 | L37: 0.16972962 | M37: 0.31047671 | N37: 0.46713702 | O37: 0.75223637 | P37: 0.034816823 | Q37: 0.28257735 | R37: 0.42695491 | S37: 0.21581677 | T37: 0.21872841 | U37: 0.16089313 | V37: 0.038351243 | W37: 0.27480658 | X37: 0.23758968 | Y37: 0.12957518 | Z37: 0.13463472 | AA37: 0.19193313 | AB37: 0.068369035 | AC37: 0.03573833 | AD37: 0.17363508 | AE37: 0.084606776 | AF37: 0.20970667 | AG37: 0.043339212 | AH37: 0.067681575 | AI37: 1.1416561 | AJ37: -0.56104547 | AK37: 2.71762 | AQ37: 0 | AR37: 0 | AS37: 0 | AT37: 0 | AU37: 0 | AV37: 0 | AW37: 0 | AX37: 0 | AY37: 0 | AZ37: 0 | BA37: 0 | BB37: 0 | BC37: 0 | BD37: 0 | BE37: 0 | BF37: 0 | BG37: 0 | BH37: 0 | BI37: 0 | BJ37: 0 | BK37: 0 | BL37: 0 | BM37: 0 | BN37: 0 | BO37: 0 | BP37: 0 | BQ37: 0 | BR37: 0 | BS37: 0 | BT37: 0 | BU37: 0 | BV37: 0 | BW37: 0 | BX37: 0 | BY37: 0 | BZ37: 2.71762 | CA37: 0.2376032 | CB37: 0.40373628 | CC37: -0.23584474 | CJ37: 0.094750917 | CK37: -0.024504149 | CL37: 0.34889442 | CM37: 0.14597289 | CN37: 0.24011147 | CO37: 0.26566458 | CP37: 0.19514112 | CQ37: 0.1618536 | CR37: 0.32311588 | CS37: 0.45298989 | CT37: 0.16972962 | CU37: 0.31047671 | CV37: 0.46713702 | CW37: 0.75223637 | CX37: 0.034816823 | CY37: 0.28257735 | CZ37: 0.42695491 | DA37: 0.21581677 | DB37: 0.21872841 | DC37: 0.16089313 | DD37: 0.038351243 | DE37: 0.27480658 | DF37: 0.23758968 | DG37: 0.12957518 | DH37: 0.13463472 | DI37: 0.19193313 | DJ37: 0.068369035 | DK37: 0.03573833 | DL37: 0.17363508 | DM37: 0.084606776 | DN37: 0.20970667 | DO37: 0.043339212 | DP37: 0.067681575 | DQ37: 1.1416561 | DR37: -0.56104547 | DS37: 2.71762 | DT37: 0.2376032 | DU37: 0.40373628 | DV37: -0.23584474 | DZ37: 0.071481698 | EA37: 0.58435158 | EB37: -0.14715553 | EC37: -0.17975297 | ED37: 0.38283541 | EE37: -0.022677777 | EF37: -0.014163113 | EG37: -0.14970943 | EH37: 0.021637515 | EI37: -0.10905955 | EJ37: -0.062706091 | EK37: -0.14288127 | EL37: 0.17481415 | EM37: 0.065350338 | EN37: -0.0074859865 | EO37: 0.13032013 | EP37: 0.105959 | EQ37: -0.057312781 | ER37: 0.027542322 | ES37: 0.012782381 | ET37: 0.0015069613 | EU37: 0.36507848 | EV37: -0.34016984 | EW37: 0.13418465 | EX37: 0.13483772 | EY37: -0.0041348608 | EZ37: 0.006444175 | FA37: 0.16261562 | FB37: -0.10023689 | FC37: 0.044810818 | FD37: -0.074718884 | FE37: -0.019474624 | FF37: -0.013659324 | FG37: 0.008707551 | FH37: -0.012002215 | FI37: -0.012393416 | FJ37: 0.00023665349 | FK37: 0.010015258 | FL37: -0.0097383482 | FM37: -0.020028026
B38: 0.28824248 | C38: 0.56575177 | D38: 0.96629306 | E38: 0.65087992 | F38: 0.7792046 | G38: 0.56111945 | H38: 0.41281799 | I38: 0.56501083 | J38: 1.0332105 | K38: 1.0504408 | L38: 0.59898701 | M38: 0.82337477 | N38: 0.93300613 | O38: 0.56870238 | P38: -0.37646459 | Q38: 1.488334 | R38: 2.2559856 | S38: 2.0930477 | T38: 1.7228905 | U38: 1.3111156 | V38: 0.28448016 | W38: 0.96959631 | X38: 0.51460937 | Y38: 0.54409752 | Z38: 0.88538315 | AA38: 0.86901723 | AB38: 0.44267493 | AC38: 0.76248315 | AD38: 0.69486037 | AE38: 0.26874673 | AF38: 0.6619123 | AG38: 0.74907434 | AH38: 0.70324567 | AI38: 0.012423198 | AJ38: 0.81416292 | AK38: 0.2376032 | AL38: 2.8127707 | AQ38: 0 | AR38: 0 | AS38: 0 | AT38: 0 | AU38: 0 | AV38: 0 | AW38: 0 | AX38: 0 | AY38: 0 | AZ38: 0 | BA38: 0 | BB38: 0 | BC38: 0 | BD38: 0 | BE38: 0 | BF38: 0 | BG38: 0 | BH38: 0 | BI38: 0 | BJ38: 0 | BK38: 0 | BL38: 0 | BM38: 0 | BN38: 0 | BO38: 0 | BP38: 0 | BQ38: 0 | BR38: 0 | BS38: 0 | BT38: 0 | BU38: 0 | BV38: 0 | BW38: 0 | BX38: 0 | BY38: 0 | BZ38: 0 | CA38: 2.8127707 | CB38: 0.60640943 | CC38: 0.11726491 | CJ38: 0.28824248 | CK38: 0.56575177 | CL38: 0.96629306 | CM38: 0.65087992 | CN38: 0.7792046 | CO38: 0.56111945 | CP38: 0.41281799 | CQ38: 0.56501083 | CR38: 1.0332105 | CS38: 1.0504408 | CT38: 0.59898701 | CU38: 0.82337477 | CV38: 0.93300613 | CW38: 0.56870238 | CX38: -0.37646459 | CY38: 1.488334 | CZ38: 2.2559856 | DA38: 2.0930477 | DB38: 1.7228905 | DC38: 1.3111156 | DD38: 0.28448016 | DE38: 0.96959631 | DF38: 0.51460937 | DG38: 0.54409752 | DH38: 0.88538315 | DI38: 0.86901723 | DJ38: 0.44267493 | DK38: 0.76248315 | DL38: 0.69486037 | DM38: 0.26874673 | DN38: 0.6619123 | DO38: 0.74907434 | DP38: 0.70324567 | DQ38: 0.012423198 | DR38: 0.81416292 | DS38: 0.2376032 | DT38: 2.8127707 | DU38: 0.60640943 | DV38: 0.11726491 | DZ38: 0.063675294 | EA38: -0.41591316 | EB38: -0.072444606 | EC38: 0.24154921 | ED38: 0.17057691 | EE38: -0.45803485 | EF38: 0.0046878237 | EG38: -0.09550474 | EH38: 0.064160063 | EI38: 0.094136971 | EJ38: -0.028375702 | EK38: -0.054401399 | EL38: 0.083900863 | EM38: 0.0033995806 | EN38: 0.064043935 | EO38: 0.065998651 | EP38: -0.23141732 | EQ38: 0.1946243 | ER38: 0.053239278 | ES38: -0.019697793 | ET38: 0.06043899 | EU38: 0.20838369 | EV38: -0.22158314 | EW38: 0.1070155 | EX38: 0.22280738 | EY38: -0.20526876 | EZ38: -0.044739273 | FA38: 0.20125268 | FB38: 0.2425869 | FC38: -0.073114714 | FD38: 0.13527904 | FE38: -0.10643311 | FF38: -0.19985293 | FG38: 0.090827072 | FH38: -0.04150907 | FI38: -0.012273501 | FJ38: 0.0036916512 | FK38: -0.038733054 | FL38: 0.022124346 | FM38: 0.026059137
B39: 0.15078325 | C39: 0.18940813 | D39: 0.49681075 | E39: 0.29121547 | F39: 0.38541738 | G39: 0.28356275 | H39: 0.15218121 | I39: 0.24126435 | J39: 0.47152163 | K39: 0.39534727 | L39: 0.24522094 | M39: 0.39804526 | N39: 0.22285397 | O39: 0.35051499 | P39: 0.21509375 | Q39: 0.29318111 | R39: 0.53535534 | S39: 0.3567293 | T39: 0.4053989 | U39: 0.16423568 | V39: 0.055325325 | W39: 0.45387458 | X39: 0.30322403 | Y39: 0.24139162 | Z39: 0.33414699 | AA39: 0.4342252 | AB39: 0.16887638 | AC39: 0.21588932 | AD39: 0.27240597 | AE39: 0.12793938 | AF39: 0.34245285 | AG39: 0.21300819 | AH39: 0.3007665 | AI39: 0.078653184 | AJ39: 0.30033622 | AK39: 0.40373628 | AL39: 0.60640943 | AM39: 0.94798708 | AQ39: 0 | AR39: 0 | AS39: 0 | AT39: 0 | AU39: 0 | AV39: 0 | AW39: 0 | AX39: 0 | AY39: 0 | AZ39: 0 | BA39: 0 | BB39: 0 | BC39: 0 | BD39: 0 | BE39: 0 | BF39: 0 | BG39: 0 | BH39: 0 | BI39: 0 | BJ39: 0 | BK39: 0 | BL39: 0 | BM39: 0 | BN39: 0 | BO39: 0 | BP39: 0 | BQ39: 0 | BR39: 0 | BS39: 0 | BT39: 0 | BU39: 0 | BV39: 0 | BW39: 0 | BX39: 0 | BY39: 0 | BZ39: 0 | CA39: 0 | CB39: 0.94798708 | CC39: 0.048736123 | CJ39: 0.15078325 | CK39: 0.18940813 | CL39: 0.49681075 | CM39: 0.29121547 | CN39: 0.38541738 | CO39: 0.28356275 | CP39: 0.15218121 | CQ39: 0.24126435 | CR39: 0.47152163 | CS39: 0.39534727 | CT39: 0.24522094 | CU39: 0.39804526 | CV39: 0.22285397 | CW39: 0.35051499 | CX39: 0.21509375 | CY39: 0.29318111 | CZ39: 0.53535534 | DA39: 0.3567293 | DB39: 0.4053989 | DC39: 0.16423568 | DD39: 0.055325325 | DE39: 0.45387458 | DF39: 0.30322403 | DG39: 0.24139162 | DH39: 0.33414699 | DI39: 0.4342252 | DJ39: 0.16887638 | DK39: 0.21588932 | DL39: 0.27240597 | DM39: 0.12793938 | DN39: 0.34245285 | DO39: 0.21300819 | DP39: 0.3007665 | DQ39: 0.078653184 | DR39: 0.30033622 | DS39: 0.40373628 | DT39: 0.60640943 | DU39: 0.94798708 | DV39: 0.048736123 | DZ39: 0.030834407 | EA39: 0.072010608 | EB39: -0.12900765 | EC39: 0.0069526371 | ED39: 0.31021551 | EE39: -0.20631463 | EF39: 0.0021555624 | EG39: -0.03585445 | EH39: -0.54552962 | EI39: 0.57661005 | EJ39: -0.033683951 | EK39: 0.048273672 | EL39: -0.015745696 | EM39: 0.035599442 | EN39: -0.0052395297 | EO39: 0.0029610178 | EP39: 0.081833761 | EQ39: -0.090614469 | ER39: 0.023675205 | ES39: 0.012184537 | ET39: -0.0040711468 | EU39: -0.074061187 | EV39: 0.067663767 | EW39: -0.39510874 | EX39: -0.10954853 | EY39: -0.011084397 | EZ39: 0.0079234634 | FA39: -0.05672131 | FB39: -0.0011900207 | FC39: 0.065934449 | FD39: -0.0082119359 | FE39: 0.019482482 | FF39: -0.011244795 | FG39: -0.01418855 | FH39: -0.01105083 | FI39: -0.0087156157 | FJ39: 0.0013539871 | FK39: -0.01743266 | FL39: 0.0027939327 | FM39: 0.0094242305
B40: 0.032221882 | C40: 0.031877153 | D40: 0.085031804 | E40: -0.0034823844 | F40: 0.015597554 | G40: 0.05966087 | H40: 0.049081679 | I40: 0.034589144 | J40: 0.032977981 | K40: 0.16108059 | L40: 0.015766142 | M40: 0.072262665 | N40: 0.15364916 | O40: 0.12898099 | P40: 0.0034232193 | Q40: 0.045674401 | R40: -0.016875656 | S40: 0.065397757 | T40: 0.017909816 | U40: -0.0041917052 | V40: 0.048955498 | W40: 0.0074751156 | X40: -0.022757399 | Y40: -0.0057161321 | Z40: 0.024669387 | AA40: 0.024518689 | AB40: 0.011017465 | AC40: -0.021750972 | AD40: -0.087333335 | AE40: 0.036160552 | AF40: 0.025621483 | AG40: 0.03305284 | AH40: 0.021217564 | AI40: 0.1242769 | AJ40: 0.044396031 | AK40: -0.23584474 | AL40: 0.11726491 | AM40: 0.048736123 | AN40: 0.59629431 | AQ40: 0 | AR40: 0 | AS40: 0 | AT40: 0 | AU40: 0 | AV40: 0 | AW40: 0 | AX40: 0 | AY40: 0 | AZ40: 0 | BA40: 0 | BB40: 0 | BC40: 0 | BD40: 0 | BE40: 0 | BF40: 0 | BG40: 0 | BH40: 0 | BI40: 0 | BJ40: 0 | BK40: 0 | BL40: 0 | BM40: 0 | BN40: 0 | BO40: 0 | BP40: 0 | BQ40: 0 | BR40: 0 | BS40: 0 | BT40: 0 | BU40: 0 | BV40: 0 | BW40: 0 | BX40: 0 | BY40: 0 | BZ40: 0 | CA40: 0 | CB40: 0 | CC40: 0.59629431 | CJ40: 0.032221882 | CK40: 0.031877153 | CL40: 0.085031804 | CM40: -0.0034823844 | CN40: 0.015597554 | CO40: 0.05966087 | CP40: 0.049081679 | CQ40: 0.034589144 | CR40: 0.032977981 | CS40: 0.16108059 | CT40: 0.015766142 | CU40: 0.072262665 | CV40: 0.15364916 | CW40: 0.12898099 | CX40: 0.0034232193 | CY40: 0.045674401 | CZ40: -0.016875656 | DA40: 0.065397757 | DB40: 0.017909816 | DC40: -0.0041917052 | DD40: 0.048955498 | DE40: 0.0074751156 | DF40: -0.022757399 | DG40: -0.0057161321 | DH40: 0.024669387 | DI40: 0.024518689 | DJ40: 0.011017465 | DK40: -0.021750972 | DL40: -0.087333335 | DM40: 0.036160552 | DN40: 0.025621483 | DO40: 0.03305284 | DP40: 0.021217564 | DQ40: 0.1242769 | DR40: 0.044396031 | DS40: -0.23584474 | DT40: 0.11726491 | DU40: 0.048736123 | DV40: 0.59629431 | DZ40: 0.022190381 | EA40: 0.18887024 | EB40: 0.0037492518 | EC40: -0.13600531 | ED40: 0.061242212 | EE40: 0.10796894 | EF40: 0.010328703 | EG40: 0.02753293 | EH40: -0.084908574 | EI40: 0.066294649 | EJ40: 0.020373608 | EK40: 0.021063058 | EL40: -0.017747195 | EM40: -0.06936242 | EN40: 0.046363929 | EO40: 0.018986073 | EP40: -0.46053398 | EQ40: 0.596823 | ER40: -0.13908773 | ES40: 0.0052848188 | ET40: 0.0025239459 | EU40: 0.0015942748 | EV40: 0.018496591 | EW40: -0.07620033 | EX40: -0.069905749 | EY40: 0.084099562 | EZ40: 0.0050489518 | FA40: -0.054178046 | FB40: -0.15529182 | FC40: -0.5085958 | FD40: 0.054392591 | FE40: -0.059804806 | FF40: 0.085207329 | FG40: -0.015118295 | FH40: 0.036128066 | FI40: -0.015407642 | FJ40: -0.028961237 | FK40: 0.0088755009 | FL40: 0.0052281254 | FM40: -0.03751499
AQ42: Autovalores | AR42: Autovetores
A43: OWM W | B43: 1.5874333 | C43: 2.1202524 | D43: 3.8465085 | E43: 2.2199488 | F43: 1.8132105 | G43: 1.6164424 | H43: 1.1960104 | I43: 1.4289872 | J43: 1.6980833 | K43: 1.1427884 | L43: 0.8007227 | M43: 1.2379271 | N43: 0.57829459 | O43: 1.1627536 | P43: 1.0209946 | Q43: 0.69651276 | R43: 1.0252358 | S43: 0.82240278 | T43: 1.13897 | U43: 0.38769415 | V43: 0.18856785 | W43: 1.7536439 | X43: 0.92652956 | Y43: 0.85607761 | Z43: 1.0286003 | AA43: 1.0409518 | AB43: 1.2728005 | AC43: 0.60993148 | AD43: 0.65558918 | AE43: 0.3410257 | AF43: 1.1184973 | AG43: 0.85561088 | AH43: 0.96996844 | AI43: 1.012255 | AJ43: 0.80661337 | AK43: 1.1929212 | AL43: 1.0282249 | AM43: 0.84432011 | AN43: 0.19026117 | AP43: pc1 | AQ43: 112.44597 | AR43: 0.070527085 | AS43: 0.20572758 | AT43: 0.36468174 | AU43: 0.32927443 | AV43: 0.25556769 | AW43: 0.17008177 | AX43: 0.20310502 | AY43: 0.17862244 | AZ43: 0.19223048 | BA43: 0.16245416 | BB43: 0.089114148 | BC43: 0.16519316 | BD43: 0.060047878 | BE43: 0.15293293 | BF43: 0.13078381 | BG43: 0.10797868 | BH43: 0.14025542 | BI43: 0.12016037 | BJ43: 0.18385252 | BK43: 0.061459247 | BL43: 0.041889862 | BM43: 0.24320649 | BN43: 0.12401489 | BO43: 0.108193 | BP43: 0.13533265 | BQ43: 0.17636824 | BR43: 0.16157501 | BS43: 0.067053541 | BT43: 0.083659911 | BU43: 0.045949959 | BV43: 0.1356818 | BW43: 0.1136457 | BX43: 0.15531932 | BY43: 0.12577261 | BZ43: 0.095563289 | CA43: 0.16011017 | CB43: 0.13835302 | CC43: 0.12138303 | CD43: 0.028848403
B44: 2.1202524 | C44: 10.227817 | D44: 9.8344432 | E44: 9.1143119 | F44: 6.5361801 | G44: 4.101179 | H44: 2.6432573 | I44: 2.716435 | J44: 3.5835356 | K44: 2.8991303 | L44: 1.9676822 | M44: 3.6339095 | N44: 1.0765828 | O44: 2.7030952 | P44: 2.8813379 | Q44: 1.7919632 | R44: 2.4739664 | S44: 2.1623435 | T44: 3.4294738 | U44: 1.0684832 | V44: 1.0303683 | W44: 5.7438428 | X44: 2.5161471 | Y44: 2.3436814 | Z44: 2.9851661 | AA44: 3.681152 | AB44: 3.9519639 | AC44: 1.8616418 | AD44: 1.7080378 | AE44: 0.87129542 | AF44: 2.7365465 | AG44: 2.6562459 | AH44: 2.9341287 | AI44: 2.2899669 | AJ44: 1.3603422 | AK44: 2.7578552 | AL44: 2.4400126 | AM44: 2.1862351 | AN44: 0.63930416 | AP44: pc2 | AQ44: 27.767607 | AR44: 0.00072024348 | AS44: 0.072635356 | AT44: 0.15706496 | AU44: 0.26906592 | AV44: 0.17452288 | AW44: 0.043164388 | AX44: 0.35107629 | AY44: 0.18310244 | AZ44: 0.055223554 | BA44: -0.31963582 | BB44: -0.048931001 | BC44: -0.024951197 | BD44: -0.32610689 | BE44: -0.37620762 | BF44: -0.0017996323 | BG44: -0.068378598 | BH44: -0.11370008 | BI44: -0.091250068 | BJ44: -0.012619256 | BK44: 0.029688 | BL44: -0.0041823285 | BM44: 0.015802785 | BN44: -0.011520166 | BO44: -0.0075114247 | BP44: -0.020012642 | BQ44: -0.003439315 | BR44: 0.068141363 | BS44: 0.0027248894 | BT44: -0.012749866 | BU44: -0.022515956 | BV44: -0.055465569 | BW44: 0.0054246338 | BX44: -0.017200272 | BY44: -0.2127546 | BZ44: -0.35509171 | CA44: -0.28300405 | CB44: -0.2124905 | CC44: -0.13846239 | CD44: -0.010464944
B45: 3.8465085 | C45: 9.8344432 | D45: 20.976314 | E45: 13.930976 | F45: 11.174123 | G45: 8.2361642 | H45: 7.4994096 | I45: 7.3228626 | J45: 7.5448368 | K45: 4.8286453 | L45: 3.2678242 | M45: 6.3968283 | N45: 1.5804352 | O45: 4.5421374 | P45: 5.2615621 | Q45: 3.3341201 | R45: 4.6535899 | S45: 3.6810518 | T45: 5.8939827 | U45: 2.2348714 | V45: 1.3108447 | W45: 9.0845402 | X45: 4.4158849 | Y45: 4.050563 | Z45: 5.8760297 | AA45: 6.0333404 | AB45: 8.0844518 | AC45: 0.6431438 | AD45: 3.2059519 | AE45: 1.5698361 | AF45: 5.161471 | AG45: 4.7954672 | AH45: 5.0439293 | AI45: 4.4417538 | AJ45: 2.5952555 | AK45: 5.5298649 | AL45: 4.4683554 | AM45: 4.0006642 | AN45: 0.96162193 | AQ45: 20.389992 | AR45: -0.0029930721 | AS45: -0.038041786 | AT45: -0.033292101 | AU45: 0.0039766467 | AV45: -0.0050246626 | AW45: -0.003676713 | AX45: 0.085437078 | AY45: 0.041002081 | AZ45: 0.017474146 | BA45: -0.38044939 | BB45: 0.0024060131 | BC45: 0.026648093 | BD45: -0.21450861 | BE45: -0.10709043 | BF45: -0.036088435 | BG45: 0.033374049 | BH45: 0.037660703 | BI45: 0.075024335 | BJ45: 0.070203652 | BK45: 0.041622237 | BL45: -0.0047524744 | BM45: -0.031697549 | BN45: -0.00036479742 | BO45: -0.039552687 | BP45: -0.0067897847 | BQ45: 0.02770941 | BR45: -0.024092971 | BS45: 0.02494033 | BT45: -0.0058495219 | BU45: 0.01045167 | BV45: -0.0019926766 | BW45: 0.024021642 | BX45: 0.032981543 | BY45: -0.11140328 | BZ45: 0.83629623 | CA45: -0.18889565 | CB45: 0.12176518 | CC45: 0.0037752344 | CD45: 0.0169007
B46: 2.2199488 | C46: 9.1143119 | D46: 13.930976 | E46: 16.831643 | F46: 11.381519 | G46: 6.5113991 | H46: 10.472409 | I46: 8.2933668 | J46: 6.4039743 | K46: 4.1767607 | L46: 2.5495134 | M46: 5.270113 | N46: 0.65778753 | O46: 3.4508246 | P46: 4.1746342 | Q46: 2.7461122 | R46: 3.5619483 | S46: 3.1571429 | T46: 5.6427314 | U46: 2.0795181 | V46: 1.0862024 | W46: 9.1400795 | X46: 4.3233655 | Y46: 3.7933216 | Z46: 4.7969568 | AA46: 5.8440448 | AB46: 6.1965662 | AC46: 2.8083149 | AD46: 2.783852 | AE46: 1.3364317 | AF46: 4.2333483 | AG46: 3.7214306 | AH46: 4.816584 | AI46: 3.164665 | AJ46: 1.8999504 | AK46: 4.1892788 | AL46: 3.3624337 | AM46: 3.4536678 | AN46: 0.92139233 | AQ46: 18.369754 | AR46: -0.029362201 | AS46: -0.070072308 | AT46: -0.16518182 | AU46: -0.1347529 | AV46: -0.098861115 | AW46: -0.03717804 | AX46: -0.10895632 | AY46: -0.099479667 | AZ46: -0.0047897561 | BA46: 0.085180952 | BB46: 0.0054542224 | BC46: -0.025150507 | BD46: -0.20525139 | BE46: -0.0967352 | BF46: -0.065279514 | BG46: 0.27453044 | BH46: 0.31093527 | BI46: 0.3809972 | BJ46: 0.37931575 | BK46: 0.12856287 | BL46: 0.021879298 | BM46: -0.01701836 | BN46: 0.053049584 | BO46: -0.024111664 | BP46: 0.018553373 | BQ46: 0.20630871 | BR46: -0.041716707 | BS46: 0.061232397 | BT46: 0.026081221 | BU46: 0.022164437 | BV46: 0.018534051 | BW46: 0.06514369 | BX46: 0.21900142 | BY46: -0.20697779 | BZ46: -0.27197483 | CA46: -0.28252294 | CB46: 0.26649379 | CC46: -0.016361376 | CD46: 0.018968225
B47: 1.8132105 | C47: 6.5361801 | D47: 11.174123 | E47: 11.381519 | F47: 11.072223 | G47: 5.8066938 | H47: 6.6684524 | I47: 5.9604011 | J47: 6.9787605 | K47: 3.5301629 | L47: 2.4469553 | M47: 4.1247746 | N47: 0.65409053 | O47: 2.8839301 | P47: 3.2371698 | Q47: 2.3952376 | R47: 3.2200892 | S47: 2.7595544 | T47: 4.3031755 | U47: 1.5221585 | V47: 1.0766545 | W47: 6.5495521 | X47: 3.5547963 | Y47: 3.1592229 | Z47: 2.0344601 | AA47: 3.1942415 | AB47: 4.9048035 | AC47: 2.3402939 | AD47: 2.2747693 | AE47: 1.1917703 | AF47: 3.5329403 | AG47: 2.8307237 | AH47: 3.5961255 | AI47: 2.5763538 | AJ47: 1.582766 | AK47: 3.2814263 | AL47: 2.8204427 | AM47: 2.7500111 | AN47: 0.80225429 | AQ47: 14.14045 | AR47: 0.022852666 | AS47: 0.0725441 | AT47: 0.076821709 | AU47: 0.089414876 | AV47: 0.12283676 | AW47: 0.074415599 | AX47: 0.037635943 | AY47: 0.056521595 | AZ47: 0.072714715 | BA47: 0.14922125 | BB47: 0.051357288 | BC47: 0.057504997 | BD47: 0.31622862 | BE47: -0.010068336 | BF47: -0.40606766 | BG47: -0.20805297 | BH47: -0.0078639944 | BI47: 0.16987269 | BJ47: -0.24908937 | BK47: -0.26025528 | BL47: 0.0074399833 | BM47: -0.0016903382 | BN47: 0.0056249089 | BO47: -0.040804586 | BP47: -0.032762348 | BQ47: -0.16916429 | BR47: 0.00057993924 | BS47: 0.026126571 | BT47: 0.011894542 | BU47: 0.016388598 | BV47: -5.5666657e-05 | BW47: -0.01962932 | BX47: -0.17228271 | BY47: -0.24770319 | BZ47: -0.013390482 | CA47: -0.33956321 | CB47: 0.46122344 | CC47: -0.019021132 | CD47: 0.045536293
B48: 1.6164424 | C48: 4.101179 | D48: 8.2361642 | E48: 6.5113991 | F48: 5.8066938 | G48: 6.2529833 | H48: 3.2313424 | I48: 3.3545778 | J48: 3.928978 | K48: 2.5887204 | L48: 1.7606061 | M48: 2.7752593 | N48: 0.94536596 | O48: 2.3503075 | P48: 2.3306758 | Q48: 1.8063159 | R48: 2.5192328 | S48: 2.1518371 | T48: 2.8986592 | U48: 1.1147742 | V48: 0.65818777 | W48: 3.7930388 | X48: 2.2264063 | Y48: 2.3554036 | Z48: 2.48269 | AA48: 2.4810714 | AB48: 2.2564421 | AC48: 1.5635042 | AD48: 1.5619139 | AE48: 0.82880853 | AF48: 2.4722625 | AG48: 2.357563 | AH48: 2.3995909 | AI48: 2.1260238 | AJ48: 1.4536583 | AK48: 2.5283507 | AL48: 2.5850098 | AM48: 1.9919749 | AN48: 0.57810934 | AQ48: 12.554621 | AR48: 0.07520416 | AS48: 0.39379945 | AT48: 0.37347098 | AU48: -0.017832352 | AV48: 0.066093237 | AW48: 0.12530002 | AX48: -0.58433811 | AY48: -0.26244405 | AZ48: -0.084666829 | BA48: 0.082621782 | BB48: 0.003261667 | BC48: -0.090246734 | BD48: -0.055013319 | BE48: -0.035669464 | BF48: 0.20887082 | BG48: 0.02014997 | BH48: -0.022487634 | BI48: -0.096082755 | BJ48: -0.023420607 | BK48: 0.067905021 | BL48: -0.01985547 | BM48: 0.0026198413 | BN48: -0.022819739 | BO48: 0.017925598 | BP48: -0.00032468639 | BQ48: -0.061429017 | BR48: 0.12273404 | BS48: -0.053001654 | BT48: -0.0026422066 | BU48: 0.0016197643 | BV48: 0.0030280446 | BW48: 0.10752867 | BX48: -0.038971944 | BY48: -0.17422017 | BZ48: 0.082814004 | CA48: -0.29522033 | CB48: -0.13398993 | CC48: -0.073031023 | CD48: 0.0070824457
B49: 1.1960104 | C49: 2.6432573 | D49: 7.4994096 | E49: 10.472409 | F49: 6.6684524 | G49: 3.2313424 | H49: 14.62927 | I49: 7.2533794 | J49: 4.7080845 | K49: 0.24476468 | L49: 1.1258775 | M49: 4.7617896 | N49: -0.45994121 | O49: 0.84827109 | P49: 2.1403804 | Q49: 1.427607 | R49: 1.6608488 | S49: 1.6724438 | T49: 3.4193927 | U49: 1.5384007 | V49: 1.598678 | W49: 5.792966 | X49: 2.8760316 | Y49: 2.242463 | Z49: 2.8610806 | AA49: 3.8916886 | AB49: 3.4225859 | AC49: 1.6043793 | AD49: 1.6505385 | AE49: 0.85823748 | AF49: 2.3314816 | AG49: 2.0179778 | AH49: 3.0401634 | AI49: 1.4726209 | AJ49: 0.45815854 | AK49: 1.9736866 | AL49: 1.5647902 | AM49: 1.6033932 | AN49: 0.7076238 | AQ49: 11.461737 | AR49: 0.04754313 | AS49: 0.094279781 | AT49: 0.25770472 | AU49: -0.050599618 | AV49: 0.072564526 | AW49: 0.10979207 | AX49: -0.18276781 | AY49: -0.056691253 | AZ49: -0.00043382952 | BA49: -0.39805893 | BB49: -0.017727717 | BC49: -0.057559308 | BD49: -0.17939906 | BE49: -0.12644969 | BF49: -0.30841587 | BG49: 0.059140702 | BH49: 0.16953442 | BI49: 0.22689701 | BJ49: 0.010287773 | BK49: 0.071418428 | BL49: -0.067513186 | BM49: -0.13603822 | BN49: -0.050349342 | BO49: -0.0091611673 | BP49: -0.085626239 | BQ49: -0.27702312 | BR49: 0.042042103 | BS49: -0.16045102 | BT49: 0.023259655 | BU49: -0.02486615 | BV49: 0.006369613 | BW49: -0.033361034 | BX49: -0.11369691 | BY49: 0.25875796 | BZ49: -0.13947278 | CA49: 0.42225884 | CB49: 0.22397256 | CC49: 0.030722403 | CD49: -0.057558921
B50: 1.4289872 | C50: 2.716435 | D50: 7.3228626 | E50: 8.2933668 | F50: 5.9604011 | G50: 3.3545778 | H50: 7.2533794 | I50: 8.6440876 | J50: 5.5072428 | K50: 2.147842 | L50: 2.0590326 | M50: 2.7912215 | N50: 0.22640679 | O50: 1.515982 | P50: 1.9909491 | Q50: 1.4094164 | R50: 1.8245072 | S50: 1.6390112 | T50: 3.1784375 | U50: 1.2469283 | V50: -0.36828099 | W50: 4.221086 | X50: 0.92336533 | Y50: 1.604168 | Z50: 2.583826 | AA50: 2.9599975 | AB50: 3.1265753 | AC50: 1.5183761 | AD50: 1.5173972 | AE50: 0.79926957 | AF50: 2.4110576 | AG50: 1.7539143 | AH50: 2.6402634 | AI50: 1.9448797 | AJ50: 1.3155329 | AK50: 2.2747491 | AL50: 1.6963681 | AM50: 1.8414173 | AN50: 0.63898975 | AQ50: 10.702412 | AR50: -0.0020226939 | AS50: -0.13479414 | AT50: -0.074142391 | AU50: 0.031215953 | AV50: 0.21606277 | AW50: 0.074577894 | AX50: 0.073044285 | AY50: 0.1802119 | AZ50: 0.17580096 | BA50: 0.23803304 | BB50: -0.0014903053 | BC50: -0.049547087 | BD50: 0.041921203 | BE50: 0.14091619 | BF50: 0.074790989 | BG50: 0.22399729 | BH50: 0.11805628 | BI50: 0.021077167 | BJ50: 0.066315467 | BK50: 0.4922996 | BL50: -0.068141325 | BM50: -0.092961169 | BN50: -0.042551653 | BO50: 0.019509289 | BP50: -0.27857709 | BQ50: -0.52429103 | BR50: -0.084470076 | BS50: 0.0052131492 | BT50: -0.034143478 | BU50: 0.0044786093 | BV50: -0.018097154 | BW50: -0.047169774 | BX50: -0.16899101 | BY50: -0.021050965 | BZ50: 0.06728559 | CA50: -0.13802751 | CB50: -0.11256531 | CC50: -0.10359563 | CD50: 0.043675764
B51: 1.6980833 | C51: 3.5835356 | D51: 7.5448368 | E51: 6.4039743 | F51: 6.9787605 | G51: 3.928978 | H51: 4.7080845 | I51: 5.5072428 | J51: 7.9142529 | K51: 3.2211614 | L51: 2.561373 | M51: 3.4345494 | N51: 1.0314951 | O51: 2.4911369 | P51: 2.459397 | Q51: 1.9217413 | R51: 2.7235171 | S51: 2.3676917 | T51: 3.9236391 | U51: 1.2082496 | V51: 0.78647094 | W51: 4.4152568 | X51: 3.9486278 | Y51: 1.9902698 | Z51: 1.5663806 | AA51: 3.2757102 | AB51: 3.264532 | AC51: 1.6451116 | AD51: 1.8287198 | AE51: 1.1553622 | AF51: 3.045762 | AG51: 2.1424496 | AH51: 3.2981557 | AI51: 2.4802933 | AJ51: 1.768866 | AK51: 2.6634024 | AL51: 2.8417277 | AM51: 2.4485976 | AN51: 0.69484548 | AQ51: 8.3276787 | AR51: 0.0044741292 | AS51: 0.017171685 | AT51: 0.13843643 | AU51: 0.051255192 | AV51: -0.25065987 | AW51: -0.073262652 | AX51: 0.16343569 | AY51: -0.033111012 | AZ51: -0.35733827 | BA51: -0.01504095 | BB51: -0.038766668 | BC51: 0.13139053 | BD51: 0.029933004 | BE51: 0.096765757 | BF51: 0.0060344541 | BG51: 0.10649473 | BH51: 0.085273806 | BI51: 0.031294454 | BJ51: -0.069232384 | BK51: 0.29927761 | BL51: 0.03609342 | BM51: 0.12836691 | BN51: -0.19278804 | BO51: -0.019456641 | BP51: 0.58132506 | BQ51: -0.13252743 | BR51: 0.066477911 | BS51: -0.11456571 | BT51: 0.012833743 | BU51: -0.018920752 | BV51: 0.0072272636 | BW51: -0.36286397 | BX51: -0.17940719 | BY51: -0.1040394 | BZ51: -0.013871855 | CA51: -0.065404616 | CB51: 0.052538919 | CC51: 0.0095764066 | CD51: -0.002092439
B52: 1.1427884 | C52: 2.8991303 | D52: 4.8286453 | E52: 4.1767607 | F52: 3.5301629 | G52: 2.5887204 | H52: 0.24476468 | I52: 2.147842 | J52: 3.2211614 | K52: 13.093832 | L52: 2.0925627 | M52: 2.5290464 | N52: 6.3176699 | O52: 6.8687196 | P52: 3.4206918 | Q52: 2.3914488 | R52: 2.9706806 | S52: 2.5155408 | T52: 3.3454541 | U52: 1.0095027 | V52: 0.92538982 | W52: 4.3824567 | X52: 2.2390166 | Y52: 1.9618117 | Z52: 2.3673829 | AA52: 3.1432978 | AB52: 2.2492744 | AC52: 1.4546329 | AD52: 1.3611759 | AE52: 1.0886239 | AF52: 2.6424762 | AG52: 1.7875257 | AH52: 2.8077528 | AI52: 3.0382131 | AJ52: -0.71284006 | AK52: 3.4934191 | AL52: 3.5684575 | AM52: 2.5856827 | AN52: 0.80830585 | AQ52: 7.5182661 | AR52: 0.049561929 | AS52: -0.19070836 | AT52: 0.24472737 | AU52: -0.064270513 | AV52: -0.032336772 | AW52: 0.081022069 | AX52: -0.13517468 | AY52: 0.40919172 | AZ52: 0.20071494 | BA52: 0.1752658 | BB52: 0.10139325 | BC52: -0.22006453 | BD52: -0.0056211194 | BE52: -0.034882908 | BF52: -0.0053958491 | BG52: -0.035492294 | BH52: -0.029152516 | BI52: 0.0050528828 | BJ52: 0.069208748 | BK52: -0.085254982 | BL52: -0.22931778 | BM52: -0.42499648 | BN52: -0.15369499 | BO52: -0.30133416 | BP52: 0.25418593 | BQ52: 0.20012979 | BR52: 0.03615816 | BS52: -0.096321602 | BT52: -0.0024800253 | BU52: 0.0047447694 | BV52: -0.0026728311 | BW52: -0.2084766 | BX52: 0.10187917 | BY52: 0.10379394 | BZ52: 0.0492901 | CA52: -0.050144508 | CB52: -0.032121245 | CC52: -0.15738738 | CD52: 0.019204479
B53: 0.8007227 | C53: 1.9676822 | D53: 3.2678242 | E53: 2.5495134 | F53: 2.4469553 | G53: 1.7606061 | H53: 1.1258775 | I53: 2.0590326 | J53: 2.561373 | K53: 2.0925627 | L53: 2.8382971 | M53: 2.2699208 | N53: 1.189299 | O53: 1.7623403 | P53: 1.073451 | Q53: 0.92087877 | R53: 1.4786315 | S53: 1.3138558 | T53: 1.7830586 | U53: 0.28958768 | V53: 0.66811052 | W53: 2.0990277 | X53: 1.0916982 | Y53: 0.82365771 | Z53: 1.6623625 | AA53: 1.6891701 | AB53: 1.54703 | AC53: 0.95899699 | AD53: 0.95594843 | AE53: 0.6318097 | AF53: 1.6333813 | AG53: 1.0301569 | AH53: 1.5430203 | AI53: 1.3919626 | AJ53: 1.3651794 | AK53: 1.5687744 | AL53: 1.7417535 | AM53: 1.2944481 | AN53: 0.43675009 | AQ53: 6.977981 | AR53: -0.0016680439 | AS53: 0.1160582 | AT53: 0.031054989 | AU53: 0.052692594 | AV53: -0.061441821 | AW53: -0.056479635 | AX53: 0.12226188 | AY53: -0.088371123 | AZ53: -0.15566482 | BA53: 0.029990147 | BB53: -0.036587512 | BC53: 0.089805081 | BD53: 0.11547062 | BE53: 0.092408826 | BF53: -0.1765513 | BG53: 0.05655369 | BH53: 0.077044807 | BI53: 0.15405589 | BJ53: 0.054151307 | BK53: -0.081447816 | BL53: 0.063732358 | BM53: 0.060596072 | BN53: -0.034239538 | BO53: 0.0025271653 | BP53: -0.075631752 | BQ53: 0.07004563 | BR53: 0.028876661 | BS53: -0.066839502 | BT53: -0.021199449 | BU53: -0.0038707675 | BV53: -0.080740401 | BW53: 0.11261587 | BX53: 0.040628983 | BY53: 0.30987756 | BZ53: 0.073976731 | CA53: -0.068656351 | CB53: -0.151266 | CC53: -0.80462842 | CD53: 0.01942984
B54: 1.2379271 | C54: 3.6339095 | D54: 6.3968283 | E54: 5.270113 | F54: 4.1247746 | G54: 2.7752593 | H54: 4.7617896 | I54: 2.7912215 | J54: 3.4345494 | K54: 2.5290464 | L54: 2.2699208 | M54: 7.0507869 | N54: 1.7241868 | O54: 3.2940107 | P54: 2.4652476 | Q54: 1.9951928 | R54: 2.745651 | S54: 2.2647494 | T54: 2.7120442 | U54: 0.55957373 | V54: 0.86966745 | W54: 5.217961 | X54: 2.3901815 | Y54: 1.9893379 | Z54: 2.6454943 | AA54: 2.9853601 | AB54: 2.3833383 | AC54: 0.91887721 | AD54: 1.6045974 | AE54: 0.98495179 | AF54: 2.6470568 | AG54: 2.0175872 | AH54: 2.5292815 | AI54: 2.1429172 | AJ54: 2.2035044 | AK54: 2.7754265 | AL54: 2.8508453 | AM54: 2.15663 | AN54: 0.59163085 | AQ54: 6.7608725 | AR54: 0.037462814 | AS54: -0.36835218 | AT54: 0.35729356 | AU54: -0.35111119 | AV54: -0.12706605 | AW54: -0.05847158 | AX54: 0.1460369 | AY54: -0.06616598 | AZ54: 0.13306877 | BA54: -0.058804831 | BB54: 0.0090614399 | BC54: 0.28235157 | BD54: 0.045261013 | BE54: 0.081115082 | BF54: 0.071121474 | BG54: 0.049705192 | BH54: 0.05126711 | BI54: -0.063583884 | BJ54: -0.03750655 | BK54: -0.073006281 | BL54: 0.053076905 | BM54: 0.055591054 | BN54: 0.14442746 | BO54: 0.0084367803 | BP54: -0.16706379 | BQ54: -0.023376499 | BR54: 0.17968443 | BS54: -0.52773333 | BT54: 0.082752986 | BU54: 0.094731919 | BV54: 0.065437495 | BW54: 0.13201768 | BX54: 0.027049341 | BY54: -0.11043933 | BZ54: -0.036445121 | CA54: -0.12207727 | CB54: -0.04545983 | CC54: 0.03502162 | CD54: -0.010091749
B55: 0.57829459 | C55: 1.0765828 | D55: 1.5804352 | E55: 0.65778753 | F55: 0.65409053 | G55: 0.94536596 | H55: -0.45994121 | I55: 0.22640679 | J55: 1.0314951 | K55: 6.3176699 | L55: 1.189299 | M55: 1.7241868 | N55: 7.9533069 | O55: 5.6977925 | P55: -0.23986378 | Q55: -0.79711152 | R55: 0.44781172 | S55: 0.25297866 | T55: -1.3473969 | U55: -1.1114904 | V55: 0.36027513 | W55: 1.797397 | X55: 0.9171923 | Y55: 0.83945145 | Z55: 1.0236923 | AA55: 0.067649653 | AB55: 0.72849027 | AC55: 0.52533709 | AD55: 0.5143238 | AE55: 0.48234381 | AF55: 1.2896019 | AG55: 0.64380366 | AH55: -0.030133355 | AI55: 2.6629673 | AJ55: 1.3704783 | AK55: 3.0628761 | AL55: 2.7529797 | AM55: 1.4720976 | AN55: 0.45462278 | AQ55: 5.6370153 | AR55: 0.040821467 | AS55: 0.035923461 | AT55: -0.11783391 | AU55: -0.19780926 | AV55: 0.131367 | AW55: 0.1137205 | AX55: -0.10029446 | AY55: -0.17925206 | AZ55: 0.3912898 | BA55: -0.13944683 | BB55: 0.200062 | BC55: 0.25784675 | BD55: -0.035549485 | BE55: -0.070200136 | BF55: 0.049764194 | BG55: -0.00099554905 | BH55: 0.073423703 | BI55: -0.062423926 | BJ55: -0.076733315 | BK55: -0.039571377 | BL55: 0.18484949 | BM55: 0.014979829 | BN55: 0.38791689 | BO55: -0.059446253 | BP55: 0.24288634 | BQ55: -0.076307918 | BR55: -0.1352282 | BS55: 0.18442851 | BT55: 0.091246928 | BU55: 0.049294429 | BV55: 0.12910253 | BW55: -0.40895614 | BX55: -0.041948824 | BY55: 0.13884506 | BZ55: -0.047152163 | CA55: -0.085181634 | CB55: -0.08600061 | CC55: -0.1700815 | CD55: 0.011935142
B56: 1.1627536 | C56: 2.7030952 | D56: 4.5421374 | E56: 3.4508246 | F56: 2.8839301 | G56: 2.3503075 | H56: 0.84827109 | I56: 1.515982 | J56: 2.4911369 | K56: 6.8687196 | L56: 1.7623403 | M56: 3.2940107 | N56: 5.6977925 | O56: 9.3747747 | P56: 2.5542639 | Q56: 2.878651 | R56: 3.2419907 | S56: 2.0363189 | T56: 2.6305795 | U56: 0.79473782 | V56: 0.57281023 | W56: 4.1093168 | X56: 2.0407058 | Y56: 1.9678134 | Z56: 2.2307739 | AA56: 2.4792911 | AB56: 1.9669892 | AC56: 0.61713285 | AD56: 1.5715623 | AE56: 0.83355222 | AF56: 2.6563067 | AG56: 1.3522634 | AH56: 2.2939561 | AI56: 4.0627626 | AJ56: 4.0836017 | AK56: 5.7255774 | AL56: 2.797417 | AM56: 3.1920312 | AN56: 0.59373463 | AQ56: 5.5700868 | AR56: 0.058836145 | AS56: -0.1903646 | AT56: 0.06798374 | AU56: -0.2311961 | AV56: -0.18506308 | AW56: 0.15480514 | AX56: 0.0021557002 | AY56: 0.078859499 | AZ56: 0.0054624672 | BA56: -0.034905127 | BB56: 0.098027725 | BC56: 0.063346848 | BD56: 0.065840253 | BE56: -0.27987461 | BF56: 0.19041675 | BG56: -0.21557997 | BH56: -0.093259366 | BI56: -0.018760151 | BJ56: -0.089148848 | BK56: 0.26347509 | BL56: 0.02310557 | BM56: 0.015085028 | BN56: -0.12733124 | BO56: 0.11213962 | BP56: 0.19219994 | BQ56: -0.068606526 | BR56: -0.017411001 | BS56: 0.32909181 | BT56: 0.078721448 | BU56: 0.043032472 | BV56: 0.12273336 | BW56: 0.49296951 | BX56: -0.098894463 | BY56: 0.18532781 | BZ56: -0.054098625 | CA56: -0.026273207 | CB56: 0.21468938 | CC56: -0.13247008 | CD56: 0.11742496
... B81: 0.19026117 | C81: 0.63930416 | D81: 0.96162193 | E81: 0.92139233 | F81: 0.80225429 | G81: 0.57810934 | H81: 0.7076238 | I81: 0.63898975 | J81: 0.69484548 | K81: 0.80830585 | L81: 0.43675009 | M81: 0.59163085 | N81: 0.45462278 | O81: 0.59373463 | P81: 0.46021649 | Q81: 0.45982918 | R81: 0.34408549 | S81: 0.47041955 | T81: 0.57679325 | U81: 0.32599664 | V81: 0.21893282 | W81: 0.68866324 | X81: 0.28689671 | Y81: 0.28126856 | Z81: 0.44526503 | AA81: 0.48718122 | AB81: 0.42199513 | AC81: 0.36061824 | AD81: -0.10862277 | AE81: 0.24217752 | AF81: 0.51833843 | AG81: 0.54979073 | AH81: 0.50707961 | AI81: 0.77276184 | AJ81: 0.58044758 | AK81: -0.50156148 | AL81: 0.89742357 | AM81: 0.47487958 | AN81: 2.5762892 | AQ81: 0.18570151 | AR81: 0.14803133 | AS81: 0.11731138 | AT81: -0.14918235 | AU81: -0.29309966 | AV81: 0.33193284 | AW81: 0.019771726 | AX81: -0.049029851 | AY81: 0.42950383 | AZ81: -0.44723356 | BA81: -0.0074620804 | BB81: -0.082590185 | BC81: 0.070901778 | BD81: -0.039739691 | BE81: 0.048150341 | BF81: 0.056233309 | BG81: -0.234733 | BH81: 0.24231031 | BI81: -0.075856535 | BJ81: 0.044489347 | BK81: 0.0051860277 | BL81: 0.14965171 | BM81: -0.1262657 | BN81: 0.31569626 | BO81: 0.076034787 | BP81: 0.079209878 | BQ81: 0.01074166 | BR81: 0.081570261 | BS81: -0.11073292 | BT81: -0.19766944 | BU81: 0.013014266 | BV81: -0.032565393 | BW81: 0.054124031 | BX81: -0.02358076 | BY81: 0.035791912 | BZ81: -0.013250011 | CA81: -0.041342882 | CB81: 0.026160272 | CC81: 0.010215204 | CD81: -0.036414569

Sheet Dimorfismo
A1: Especies | B1: ISPM | C1: ISNSL | D1: ISPNS | E1: PMZS | F1: PMZI | G1: PMMT | H1: NSLNA | I1: NSLZS | J1: NSLZI | K1: NABR | L1: NAFM | M1: NAPNS | N1: BRPT | O1: BRAPET | P1: PTFM | Q1: PTAPET | R1: PTBA | S1: PTEAM | T1: PTZYGO | U1: PTTSP | V1: FMZS | W1: FMMT | X1: ZSZI | Y1: ZIMT | Z1: ZIZYGO | AA1: ZITSP | AB1: MTPNS | AC1: PNSAPET | AD1: APETBA | AE1: APETTS | AF1: BAEAM | AG1: EAMZYGO | AH1: ZYGOTSP | AI1: LDAS | AJ1: BRLD | AK1: OPILD | AL1: PTAS | AM1: JPAS | AN1: BAOPI | CS1: group$ | CT1: pc1xDM | CU1: fisherpc1DM | CV1: pc2xDM | CW1: fisherpc2DM | CX1: pc3xDM | CY1: fisherpc3DM | CZ1: pc4xDM | DA1: fisherpc4DM
A2: Cercocebus_agilis | B2: 0.091254681 | C2: 0.19120958 | D2: 0.36768001 | E2: 0.25643246 | F2: 0.22064699 | G2: 0.18541572 | H2: 0.16117971 | I2: 0.1516591 | J2: 0.14226516 | K2: 0.07698906 | L2: 0.090862194 | M2: 0.1580707 | N2: 0.037114508 | O2: 0.11792092 | P2: 0.1134092 | Q2: 0.099473305 | R2: 0.16180796 | S2: 0.12355318 | T2: 0.13609185 | U2: 0.047824886 | V2: -0.0061776553 | W2: 0.19377312 | X2: 0.066528179 | Y2: 0.084926152 | Z2: 0.14396547 | AA2: 0.12674665 | AB2: 0.093225174 | AC2: 0.061837019 | AD2: 0.092014892 | AE2: 0.031672612 | AF2: 0.12526798 | AG2: 0.11391566 | AH2: 0.11137905 | AI2: 0.0024947204 | AJ2: 0.11026168 | AK2: 0.062049237 | AL2: 0.13038585 | AM2: 0.099458712 | AN2: 0.0087706378 | AP2: =SUMSQ(A2:AN2) -> 0.72963957 | AQ2: =SQRT(AP2) -> 0.85418942 | AS2: =B2/$AQ2 -> 0.1068319 | AT2: =C2/$AQ2 -> 0.22384915 | AU2: =D2/$AQ2 -> 0.43044318 | AV2: =E2/$AQ2 -> 0.30020561 | AW2: =F2/$AQ2 -> 0.25831154 | AX2: =G2/$AQ2 -> 0.21706628 | AY2: =H2/$AQ2 -> 0.18869317 | AZ2: =I2/$AQ2 -> 0.17754739 | ... CE2: =AN2/$AQ2 -> 0.01026779 | CG2: =SUMSQ(AR2:CE2) -> 1 | CH2: =SQRT(CG2) -> 1 | CJ2: =SUMPRODUCT(AS2:CE2,'PC1'!AS2:CE2) -> 0.97208867 | CK2: Cercocebus_agilis | CM2: =SUMPRODUCT(AS2:CE2,'PC2'!AS2:CE2) -> 0.057279086 | CN2: =ABS(CM2) -> 0.057279086 | CO2: =FISHER(CN2) -> 0.057341852 | CS2: Cata | CT2: =ABS(CJ2) -> 0.97208867 | CU2: =FISHER(CT2) -> 2.1289079 | CV2: =CN2 -> 0.057279086 | CW2: =FISHER(CV2) -> 0.057341852 | CX2: 0.090732751 | CY2: 0.090982971 | CZ2: 0.040932082 | DA2: 0.040954965
A3: Cercocebus_torquatus | B3: 0.081005097 | C3: 0.17670116 | D3: 0.39548257 | E3: 0.33989562 | F3: 0.29370618 | G3: 0.2469747 | H3: 0.25757433 | I3: 0.24026013 | J3: 0.22897523 | K3: 0.10805542 | L3: 0.093775878 | M3: 0.13287112 | N3: 0.019149025 | O3: 0.081755253 | P3: 0.11121981 | Q3: 0.088690474 | R3: 0.15314247 | S3: 0.15864823 | T3: 0.15725089 | U3: 0.031760851 | V3: -0.0016687802 | W3: 0.19076793 | X3: 0.09727567 | Y3: 0.110859 | Z3: 0.1432463 | AA3: 0.15041788 | AB3: 0.08363959 | AC3: 0.065904275 | AD3: 0.10173625 | AE3: 0.035787381 | AF3: 0.1657634 | AG3: 0.14502745 | AH3: 0.16027936 | AI3: 0.012920985 | AJ3: 0.037135919 | AK3: 0.037431642 | AL3: 0.12922996 | AM3: 0.11312791 | AN3: 0.030610469 | AP3: =SUMSQ(A3:AN3) -> 1.005094 | AQ3: =SQRT(AP3) -> 1.0025438 | AS3: =B3/$AQ3 -> 0.080799563 | AT3: =C3/$AQ3 -> 0.17625282 | AU3: =D3/$AQ3 -> 0.39447911 | AV3: =E3/$AQ3 -> 0.3390332 | AW3: =F3/$AQ3 -> 0.29296096 | AX3: =G3/$AQ3 -> 0.24634805 | AY3: =H3/$AQ3 -> 0.25692079 | AZ3: =I3/$AQ3 -> 0.23965051 | ... CE3: =AN3/$AQ3 -> 0.030532801 | CG3: =SUMSQ(AR3:CE3) -> 1 | CH3: =SQRT(CG3) -> 1 | CJ3: =SUMPRODUCT(AS3:CE3,'PC1'!AS3:CE3) -> 0.9610362 | CK3: Cercocebus_torquatus | CM3: =SUMPRODUCT(AS3:CE3,'PC2'!AS3:CE3) -> 0.17668228 | CN3: =ABS(CM3) -> 0.17668228 | CO3: =FISHER(CN3) -> 0.17855598 | CS3: Cata | CT3: =ABS(CJ3) -> 0.9610362 | CU3: =FISHER(CT3) -> 1.9592977 | CV3: =CN3 -> 0.17668228 | CW3: =FISHER(CV3) -> 0.17855598 | CX3: 0.033192829 | CY3: 0.033205027 | CZ3: 0.060420846 | DA3: 0.060494534
A4: Cercopithecus_ascanius | B4: 0.03331631 | C4: 0.11926106 | D4: 0.21599492 | E4: 0.14006074 | F4: 0.12948472 | G4: 0.12383314 | H4: 0.067230457 | I4: 0.056542312 | J4: 0.083912608 | K4: 0.1608678 | L4: 0.068685495 | M4: 0.10236751 | N4: 0.07342199 | O4: 0.11394015 | P4: 0.11049853 | Q4: 0.067251524 | R4: 0.13150248 | S4: 0.073787997 | T4: 0.056711018 | U4: -0.010472038 | V4: 0.047270003 | W4: 0.13922498 | X4: 0.043682297 | Y4: 0.043374461 | Z4: 0.12185369 | AA4: 0.13650381 | AB4: 0.071546681 | AC4: 0.070134473 | AD4: 0.091377821 | AE4: 0.027325023 | AF4: 0.11043891 | AG4: 0.10194552 | AH4: 0.064552292 | AI4: 0.022887406 | AJ4: 0.0064911776 | AK4: 0.024442683 | AL4: 0.085384265 | AM4: -0.027911331 | AN4: 0.044869077 | AP4: =SUMSQ(A4:AN4) -> 0.34673398 | AQ4: =SQRT(AP4) -> 0.58884122 | AS4: =B4/$AQ4 -> 0.056579447 | AT4: =C4/$AQ4 -> 0.20253518 | AU4: =D4/$AQ4 -> 0.36681352 | AV4: =E4/$AQ4 -> 0.23785825 | AW4: =F4/$AQ4 -> 0.21989751 | AX4: =G4/$AQ4 -> 0.21029972 | AY4: =H4/$AQ4 -> 0.11417417 | AZ4: =I4/$AQ4 -> 0.09602302 | ... CE4: =AN4/$AQ4 -> 0.07619894 | CG4: =SUMSQ(AR4:CE4) -> 1 | CH4: =SQRT(CG4) -> 1 | CJ4: =SUMPRODUCT(AS4:CE4,'PC1'!AS4:CE4) -> 0.91879624 | CK4: Cercopithecus_ascanius | CM4: =SUMPRODUCT(AS4:CE4,'PC2'!AS4:CE4) -> -0.065879393 | CN4: =ABS(CM4) -> 0.065879393 | CO4: =FISHER(CN4) -> 0.065974949 | CS4: Cata | CT4: =ABS(CJ4) -> 0.91879624 | CU4: =FISHER(CT4) -> 1.5812459 | CV4: =CN4 -> 0.065879393 | CW4: =FISHER(CV4) -> 0.065974949 | CX4: 0.11341955 | CY4: 0.11390968 | CZ4: 0.1007399 | DA4: 0.10108278
A5: Cercopithecus_campbelli | B5: 0.051086231 | C5: 0.12313164 | D5: 0.25009247 | E5: 0.19664123 | F5: 0.15402575 | G5: 0.13017296 | H5: 0.16498228 | I5: 0.093778531 | J5: 0.14312202 | K5: 0.11602443 | L5: 0.095022482 | M5: 0.11360244 | N5: 0.063847148 | O5: 0.082514911 | P5: 0.10078708 | Q5: 0.041255953 | R5: 0.15044078 | S5: 0.14703464 | T5: 0.11639784 | U5: 0.066755548 | V5: 0.025334869 | W5: 0.1572496 | X5: 0.088890779 | Y5: 0.046494868 | Z5: 0.21068914 | AA5: 0.15790302 | AB5: 0.13028399 | AC5: 0.12115572 | AD5: 0.13008055 | AE5: 0.034175492 | AF5: 0.1315342 | AG5: 0.076946158 | AH5: 0.046395372 | AI5: 0.024940623 | AJ5: 0.074666925 | AK5: 0.030165578 | AL5: 0.14023451 | AM5: -0.028174197 | AN5: 0.019702474 | AP5: =SUMSQ(A5:AN5) -> 0.5443765 | AQ5: =SQRT(AP5) -> 0.73781874 | AS5: =B5/$AQ5 -> 0.06923954 | AT5: =C5/$AQ5 -> 0.16688603 | AU5: =D5/$AQ5 -> 0.33896194 | AV5: =E5/$AQ5 -> 0.26651698 | AW5: =F5/$AQ5 -> 0.20875825 | AX5: =G5/$AQ5 -> 0.17642945 | AY5: =H5/$AQ5 -> 0.22360815 | AZ5: =I5/$AQ5 -> 0.1271024 | ... CE5: =AN5/$AQ5 -> 0.026703678 | CG5: =SUMSQ(AR5:CE5) -> 1 | CH5: =SQRT(CG5) -> 1 | CJ5: =SUMPRODUCT(AS5:CE5,'PC1'!AS5:CE5) -> 0.93167283 | CK5: Cercopithecus_campbelli | CM5: =SUMPRODUCT(AS5:CE5,'PC2'!AS5:CE5) -> 0.02183641 | CN5: =ABS(CM5) -> 0.02183641 | CO5: =FISHER(CN5) -> 0.021839882 | CS5: Cata | CT5: =ABS(CJ5) -> 0.93167283 | CU5: =FISHER(CT5) -> 1.6709171 | CV5: =CN5 -> 0.02183641 | CW5: =FISHER(CV5) -> 0.021839882 | CX5: 0.052330097 | CY5: 0.052377943 | CZ5: 0.11745231 | DA5: 0.11799691
A6: Cercopithecus_cephus | B6: 0.038851608 | C6: 0.094843728 | D6: 0.24017636 | E6: 0.16401082 | F6: 0.15935962 | G6: 0.13181862 | H6: 0.12209489 | I6: 0.089192754 | J6: 0.11944884 | K6: 0.089806614 | L6: 0.080056325 | M6: 0.11811113 | N6: 0.05413366 | O6: 0.087315195 | P6: 0.13926561 | Q6: 0.022885269 | R6: 0.10350872 | S6: 0.05540056 | T6: 0.06022681 | U6: -0.030441604 | V6: 0.019117483 | W6: 0.11530669 | X6: 0.066869497 | Y6: 0.029441669 | Z6: 0.14866706 | AA6: 0.15555429 | AB6: 0.071849712 | AC6: 0.060347654 | AD6: 0.11799606 | AE6: 0.033861563 | AF6: 0.11706264 | AG6: 0.072064029 | AH6: 0.11089049 | AI6: 0.050196294 | AJ6: 0.048433123 | AK6: 0.071577219 | AL6: 0.060068821 | AM6: 0.010654051 | AN6: 0.0046068998 | AP6: =SUMSQ(A6:AN6) -> 0.38632364 | AQ6: =SQRT(AP6) -> 0.62154939 | AS6: =B6/$AQ6 -> 0.062507676 | AT6: =C6/$AQ6 -> 0.15259243 | AU6: =D6/$AQ6 -> 0.38641557 | AV6: =E6/$AQ6 -> 0.26387415 | AW6: =F6/$AQ6 -> 0.25639092 | AX6: =G6/$AQ6 -> 0.21208068 | AY6: =H6/$AQ6 -> 0.19643634 | AZ6: =I6/$AQ6 -> 0.14350067 | ... CE6: =AN6/$AQ6 -> 0.0074119609 | CG6: =SUMSQ(AR6:CE6) -> 1 | CH6: =SQRT(CG6) -> 1 | CJ6: =SUMPRODUCT(AS6:CE6,'PC1'!AS6:CE6) -> 0.94598837 | CK6: Cercopithecus_cephus | CM6: =SUMPRODUCT(AS6:CE6,'PC2'!AS6:CE6) -> 0.018167296 | CN6: =ABS(CM6) -> 0.018167296 | CO6: =FISHER(CN6) -> 0.018169296 | CS6: Cata | CT6: =ABS(CJ6) -> 0.94598837 | CU6: =FISHER(CT6) -> 1.7921629 | CV6: =CN6 -> 0.018167296 | CW6: =FISHER(CV6) -> 0.018169296 | CX6: 0.015172436 | CY6: 0.0151736 | CZ6: 0.022579832 | DA6: 0.022583671
A7: Cercopithecus_diana | B7: 0.052423319 | C7: 0.20662988 | D7: 0.25365916 | E7: 0.1977199 | F7: 0.18462913 | G7: 0.13236189 | H7: 0.1029887 | I7: 0.088249272 | J7: 0.12507731 | K7: 0.099411735 | L7: 0.084458751 | M7: 0.091986504 | N7: 0.034969183 | O7: 0.063627477 | P7: 0.11276574 | Q7: 0.038334346 | R7: 0.10834057 | S7: 0.085259491 | T7: 0.098843553 | U7: -0.0047168836 | V7: 0.040389841 | W7: 0.14818885 | X7: 0.05578055 | Y7: 0.034726278 | Z7: 0.13493473 | AA7: 0.13185362 | AB7: 0.10647656 | AC7: 0.10173099 | AD7: 0.10651418 | AE7: 0.040822014 | AF7: 0.089915494 | AG7: 0.08714127 | AH7: 0.095289666 | AI7: -0.0042697148 | AJ7: 0.024891428 | AK7: 0.0068540001 | AL7: 0.096647481 | AM7: -0.015832067 | AN7: 0.038450861 | AP7: =SUMSQ(A7:AN7) -> 0.44297308 | AQ7: =SQRT(AP7) -> 0.66556223 | AS7: =B7/$AQ7 -> 0.078765466 | AT7: =C7/$AQ7 -> 0.31045914 | AU7: =D7/$AQ7 -> 0.38112012 | AV7: =E7/$AQ7 -> 0.297072 | AW7: =F7/$AQ7 -> 0.27740325 | AX7: =G7/$AQ7 -> 0.19887229 | AY7: =H7/$AQ7 -> 0.15473941 | AZ7: =I7/$AQ7 -> 0.13259357 | ... CE7: =AN7/$AQ7 -> 0.057771999 | CG7: =SUMSQ(AR7:CE7) -> 1 | CH7: =SQRT(CG7) -> 1 | CJ7: =SUMPRODUCT(AS7:CE7,'PC1'!AS7:CE7) -> 0.93798439 | CK7: Cercopithecus_diana | CM7: =SUMPRODUCT(AS7:CE7,'PC2'!AS7:CE7) -> 0.11417663 | CN7: =ABS(CM7) -> 0.11417663 | CO7: =FISHER(CN7) -> 0.11467669 | CS7: Cata | CT7: =ABS(CJ7) -> 0.93798439 | CU7: =FISHER(CT7) -> 1.7210088 | CV7: =CN7 -> 0.11417663 | CW7: =FISHER(CV7) -> 0.11467669 | CX7: 0.0058551858 | CY7: 0.0058552527 | CZ7: 0.081076246 | DA7: 0.081254598
A8: Cercopithecus_mitis | B8: 0.055166081 | C8: 0.14528969 | D8: 0.29524317 | E8: 0.19781595 | F8: 0.18076487 | G8: 0.15142583 | H8: 0.096422168 | I8: 0.13220665 | J8: 0.13584368 | K8: 0.17703998 | L8: 0.080341732 | M8: 0.1059208 | N8: 0.066957943 | O8: 0.061213762 | P8: 0.10091816 | Q8: 0.04195678 | R8: 0.12829021 | S8: 0.12479736 | T8: 0.12489321 | U8: 0.017481311 | V8: 0.01796415 | W8: 0.16994288 | X8: 0.055185319 | Y8: 0.046197336 | Z8: 0.16471986 | AA8: 0.18161632 | AB8: 0.10918389 | AC8: 0.070438331 | AD8: 0.093072823 | AE8: 0.032774884 | AF8: 0.10102188 | AG8: 0.10745171 | AH8: 0.085326693 | AI8: 0.023435176 | AJ8: 0.035335572 | AK8: 0.026672237 | AL8: 0.10924393 | AM8: 0.0010239882 | AN8: 0.013691989 | AP8: =SUMSQ(A8:AN8) -> 0.53319966 | AQ8: =SQRT(AP8) -> 0.73020521 | AS8: =B8/$AQ8 -> 0.075548736 | AT8: =C8/$AQ8 -> 0.19897104 | AU8: =D8/$AQ8 -> 0.40432903 | AV8: =E8/$AQ8 -> 0.2709046 | AW8: =F8/$AQ8 -> 0.24755352 | AX8: =G8/$AQ8 -> 0.20737435 | AY8: =H8/$AQ8 -> 0.13204804 | AZ8: =I8/$AQ8 -> 0.1810541 | ... CE8: =AN8/$AQ8 -> 0.018750878 | CG8: =SUMSQ(AR8:CE8) -> 1 | CH8: =SQRT(CG8) -> 1 | CJ8: =SUMPRODUCT(AS8:CE8,'PC1'!AS8:CE8) -> 0.95139134 | CK8: Cercopithecus_mitis | CM8: =SUMPRODUCT(AS8:CE8,'PC2'!AS8:CE8) -> 0.032966291 | CN8: =ABS(CM8) -> 0.032966291 | CO8: =FISHER(CN8) -> 0.032978241 | CS8: Cata | CT8: =ABS(CJ8) -> 0.95139134 | CU8: =FISHER(CT8) -> 1.8462481 | CV8: =CN8 -> 0.032966291 | CW8: =FISHER(CV8) -> 0.032978241 | CX8: 0.038104559 | CY8: 0.038123017 | CZ8: 0.1065659 | DA8: 0.10697207
A9: Cercopithecus_neglectus | B9: 0.047898286 | C9: 0.17459732 | D9: 0.30444907 | E9: 0.22980133 | F9: 0.215908 | G9: 0.15629495 | H9: 0.099103663 | I9: 0.10999699 | J9: 0.14942964 | K9: 0.11969389 | L9: 0.054327744 | M9: 0.13777044 | N9: 0.063539267 | O9: 0.094133048 | P9: 0.067381588 | Q9: 0.023537505 | R9: 0.12056508 | S9: 0.12348925 | T9: 0.11940874 | U9: 0.022132026 | V9: -0.0014146196 | W9: 0.18051385 | X9: 0.089658603 | Y9: 0.049908313 | Z9: 0.14252511 | AA9: 0.18026671 | AB9: 0.10172452 | AC9: 0.048104341 | AD9: 0.11680554 | AE9: 0.046135219 | AF9: 0.11713885 | AG9: 0.09410512 | AH9: 0.057329425 | AI9: 0.03436546 | AJ9: 0.048465807 | AK9: 0.071630674 | AL9: 0.14505047 | AM9: 0.024214341 | AN9: 0.010725427 | AP9: =SUMSQ(A9:AN9) -> 0.57298199 | AQ9: =SQRT(AP9) -> 0.75695574 | AS9: =B9/$AQ9 -> 0.063277525 | AT9: =C9/$AQ9 -> 0.23065723 | AU9: =D9/$AQ9 -> 0.40220194 | AV9: =E9/$AQ9 -> 0.30358622 | AW9: =F9/$AQ9 -> 0.28523199 | AX9: =G9/$AQ9 -> 0.20647832 | AY9: =H9/$AQ9 -> 0.13092399 | AZ9: =I9/$AQ9 -> 0.14531496 | ... CE9: =AN9/$AQ9 -> 0.01416916 | CG9: =SUMSQ(AR9:CE9) -> 1 | CH9: =SQRT(CG9) -> 1 | CJ9: =SUMPRODUCT(AS9:CE9,'PC1'!AS9:CE9) -> 0.96459666 | CK9: Cercopithecus_neglectus | CM9: =SUMPRODUCT(AS9:CE9,'PC2'!AS9:CE9) -> 0.024300347 | CN9: =ABS(CM9) -> 0.024300347 | CO9: =FISHER(CN9) -> 0.024305132 | CS9: Cata | CT9: =ABS(CJ9) -> 0.96459666 | CU9: =FISHER(CT9) -> 2.0081181 | CV9: =CN9 -> 0.024300347 | CW9: =FISHER(CV9) -> 0.024305132 | CX9: 0.0081674036 | CY9: 0.0081675852 | CZ9: 0.048818109 | DA9: 0.048856946
A10: Cercopithecus_nictitans | B10: 0.044591305 | C10: 0.13061658 | D10: 0.282735 | E10: 0.18814273 | F10: 0.18818288 | G10: 0.14321164 | H10: 0.11423773 | I10: 0.1275863 | J10: 0.12896105 | K10: 0.12704123 | L10: 0.06699374 | M10: 0.069811232 | N10: 0.04377673 | O10: 0.076416939 | P10: 0.1099374 | Q10: 0.053573301 | R10: 0.14653051 | S10: 0.098139841 | T10: 0.09263724 | U10: 0.048990311 | V10: 0.015008854 | W10: 0.10790863 | X10: 0.0316804 | Y10: 0.041325147 | Z10: 0.10531527 | AA10: 0.11031325 | AB10: 0.080368583 | AC10: 0.041182992 | AD10: 0.13813805 | AE10: 0.022317143 | AF10: 0.089663501 | AG10: 0.11743184 | AH10: 0.098739994 | AI10: 0.06275474 | AJ10: 0.054235258 | AK10: 0.059296788 | AL10: 0.090304959 | AM10: -0.0080173383 | AN10: 0.03137248 | AP10: =SUMSQ(A10:AN10) -> 0.44332073 | AQ10: =SQRT(AP10) -> 0.66582335 | AS10: =B10/$AQ10 -> 0.066971675 | AT10: =C10/$AQ10 -> 0.19617302 | AU10: =D10/$AQ10 -> 0.42463967 | AV10: =E10/$AQ10 -> 0.28257154 | AW10: =F10/$AQ10 -> 0.28263185 | AX10: =G10/$AQ10 -> 0.21508954 | AY10: =H10/$AQ10 -> 0.17157363 | AZ10: =I10/$AQ10 -> 0.19162184 | ... CE10: =AN10/$AQ10 -> 0.047118324 | CG10: =SUMSQ(AR10:CE10) -> 1 | CH10: =SQRT(CG10) -> 1 | CJ10: =SUMPRODUCT(AS10:CE10,'PC1'!AS10:CE10) -> 0.9559107 | CK10: Cercopithecus_nictitans | CM10: =SUMPRODUCT(AS10:CE10,'PC2'!AS10:CE10) -> 0.036484754 | CN10: =ABS(CM10) -> 0.036484754 | CO10: =FISHER(CN10) -> 0.036500956 | CS10: Cata | CT10: =ABS(CJ10) -> 0.9559107 | CU10: =FISHER(CT10) -> 1.896197 | CV10: =CN10 -> 0.036484754 | CW10: =FISHER(CV10) -> 0.036500956 | CX10: 0.0035380677 | CY10: 0.0035380825 | CZ10: 0.046803025 | DA10: 0.046837245
A11: Chlorocebus_aethiops | B11: 0.049538506 | C11: 0.16566539 | D11: 0.28632039 | E11: 0.20411586 | F11: 0.19286309 | G11: 0.16192116 | H11: 0.13112137 | I11: 0.11934218 | J11: 0.15126666 | K11: 0.16632472 | L11: 0.12519562 | M11: 0.13836204 | N11: 0.077576752 | O11: 0.10991739 | P11: 0.073768594 | Q11: 0.046451557 | R11: 0.130729 | S11: 0.13457643 | T11: 0.12123479 | U11: 0.018913211 | V11: 0.076611217 | W11: 0.18396258 | X11: 0.059340086 | Y11: 0.048250895 | Z11: 0.1957072 | AA11: 0.14763946 | AB11: 0.1112464 | AC11: 0.090256537 | AD11: 0.1050118 | AE11: 0.041293517 | AF11: 0.13001395 | AG11: 0.083824201 | AH11: 0.12179571 | AI11: 0.062124463 | AJ11: 0.073573737 | AK11: 0.10010434 | AL11: 0.13464174 | AM11: 0.045818528 | AN11: 0.021274609 | AP11: =SUMSQ(A11:AN11) -> 0.6273636 | AQ11: =SQRT(AP11) -> 0.79206288 | AS11: =B11/$AQ11 -> 0.062543653 | AT11: =C11/$AQ11 -> 0.20915686 | AU11: =D11/$AQ11 -> 0.36148694 | AV11: =E11/$AQ11 -> 0.25770159 | AW11: =F11/$AQ11 -> 0.24349467 | AX11: =G11/$AQ11 -> 0.20442968 | AY11: =H11/$AQ11 -> 0.16554415 | AZ11: =I11/$AQ11 -> 0.15067262 | ... CE11: =AN11/$AQ11 -> 0.026859748 | CG11: =SUMSQ(AR11:CE11) -> 1 | CH11: =SQRT(CG11) -> 1 | CJ11: =SUMPRODUCT(AS11:CE11,'PC1'!AS11:CE11) -> 0.96924619 | CK11: Chlorocebus_aethiops | CM11: =SUMPRODUCT(AS11:CE11,'PC2'!AS11:CE11) -> -0.051754114 | CN11: =ABS(CM11) -> 0.051754114 | CO11: =FISHER(CN11) -> 0.051800396 | CS11: Cata | CT11: =ABS(CJ11) -> 0.96924619 | CU11: =FISHER(CT11) -> 2.079696 | CV11: =CN11 -> 0.051754114 | CW11: =FISHER(CV11) -> 0.051800396 | CX11: 0.012712147 | CY11: 0.012712832 | CZ11: 0.052201481 | DA11: 0.052248975
A12: Colobus_angolensis | B12: 0.046921511 | C12: 0.079910351 | D12: 0.10311326 | E12: 0.12469702 | F12: 0.11853677 | G12: 0.086083563 | H12: 0.050592351 | I12: 0.04736057 | J12: 0.058623013 | K12: 0.11065869 | L12: 0.052711927 | M12: 0.010094197 | N12: 0.092227105 | O12: 0.066611563 | P12: 0.010354211 | Q12: 0.01797027 | R12: 0.10117118 | S12: 0.10101835 | T12: 0.069887139 | U12: 0.079981342 | V12: 0.0056534569 | W12: 0.082269521 | X12: 0.029787842 | Y12: 0.016828625 | Z12: 0.10549074 | AA12: 0.038729048 | AB12: 0.050394183 | AC12: 0.085477419 | AD12: 0.083540722 | AE12: 0.049566231 | AF12: 0.092683438 | AG12: 0.04282214 | AH12: 0.04978113 | AI12: 0.092219532 | AJ12: 0.0053716416 | AK12: 0.10849043 | AL12: 0.16903316 | AM12: 0.091038359 | AN12: -0.0027411547 | AP12: =SUMSQ(A12:AN12) -> 0.23464411 | AQ12: =SQRT(AP12) -> 0.48440077 | AS12: =B12/$AQ12 -> 0.096865062 | AT12: =C12/$AQ12 -> 0.16496743 | AU12: =D12/$AQ12 -> 0.21286766 | AV12: =E12/$AQ12 -> 0.25742531 | AW12: =F12/$AQ12 -> 0.24470806 | AX12: =G12/$AQ12 -> 0.17771145 | AY12: =H12/$AQ12 -> 0.10444317 | AZ12: =I12/$AQ12 -> 0.097771458 | ... CE12: =AN12/$AQ12 -> -0.0056588569 | CG12: =SUMSQ(AR12:CE12) -> 1 | CH12: =SQRT(CG12) -> 1 | CJ12: =SUMPRODUCT(AS12:CE12,'PC1'!AS12:CE12) -> 0.86669531 | CK12: Colobus_angolensis | CM12: =SUMPRODUCT(AS12:CE12,'PC2'!AS12:CE12) -> -0.2283145 | CN12: =ABS(CM12) -> 0.2283145 | CO12: =FISHER(CN12) -> 0.23241055 | CS12: Cata | CT12: =ABS(CJ12) -> 0.86669531 | CU12: =FISHER(CT12) -> 1.3196438 | CV12: =CN12 -> 0.2283145 | CW12: =FISHER(CV12) -> 0.23241055 | CX12: 0.11029653 | CY12: 0.11074708 | CZ12: 0.10902937 | DA12: 0.10946451
A13: Colobus_guereza | B13: 0.040437977 | C13: 0.12204043 | D13: 0.19627706 | E13: 0.1328712 | F13: 0.1469963 | G13: 0.10620462 | H13: 0.056920226 | I13: 0.043359003 | J13: 0.07653487 | K13: 0.063363662 | L13: 0.055401986 | M13: 0.078527095 | N13: 0.033712867 | O13: 0.05495825 | P13: 0.074276942 | Q13: 0.033040132 | R13: 0.091031182 | S13: 0.081446776 | T13: 0.079483804 | U13: 0.015021668 | V13: 0.026638943 | W13: 0.12535676 | X13: 0.038224107 | Y13: 0.035954118 | Z13: 0.1154087 | AA13: 0.083156565 | AB13: 0.089560416 | AC13: 0.055903475 | AD13: 0.088836795 | AE13: 0.022746904 | AF13: 0.092083082 | AG13: 0.045690545 | AH13: 0.070187849 | AI13: 0.078079624 | AJ13: 0.012916312 | AK13: 0.079433974 | AL13: 0.1038767 | AM13: 0.081803382 | AN13: 0.0096139087 | AP13: =SUMSQ(A13:AN13) -> 0.26666191 | AQ13: =SQRT(AP13) -> 0.51639317 | AS13: =B13/$AQ13 -> 0.078308504 | AT13: =C13/$AQ13 -> 0.23633239 | AU13: =D13/$AQ13 -> 0.38009228 | AV13: =E13/$AQ13 -> 0.25730627 | AW13: =F13/$AQ13 -> 0.28465965 | AX13: =G13/$AQ13 -> 0.20566619 | AY13: =H13/$AQ13 -> 0.11022653 | AZ13: =I13/$AQ13 -> 0.083965098 | ... CE13: =AN13/$AQ13 -> 0.01861742 | CG13: =SUMSQ(AR13:CE13) -> 1 | CH13: =SQRT(CG13) -> 1 | CJ13: =SUMPRODUCT(AS13:CE13,'PC1'!AS13:CE13) -> 0.96263317 | CK13: Colobus_guereza | CM13: =SUMPRODUCT(AS13:CE13,'PC2'!AS13:CE13) -> -0.037832836 | CN13: =ABS(CM13) -> 0.037832836 | CO13: =FISHER(CN13) -> 0.037850902 | CS13: Cata | CT13: =ABS(CJ13) -> 0.96263317 | CU13: =FISHER(CT13) -> 1.9806294 | CV13: =CN13 -> 0.037832836 | CW13: =FISHER(CV13) -> 0.037850902 | CX13: 0.051057243 | CY13: 0.051101678 | CZ13: 0.045662788 | DA13: 0.045694565
... A40: Trachypithecus_phayrei | B40: 0.043866766 | C40: 0.092460933 | D40: 0.099846089 | E40: 0.069176744 | F40: 0.080029962 | G40: 0.063280182 | H40: 0.020163932 | I40: 0.036366225 | J40: 0.065747547 | K40: 0.13615448 | L40: 0.039095631 | M40: 0.047406954 | N40: 0.022108621 | O40: 0.06924182 | P40: 0.087811057 | Q40: 0.062422155 | R40: 0.065547863 | S40: 0.079799373 | T40: 0.10938854 | U40: 0.045481515 | V40: 0.049018094 | W40: 0.10709966 | X40: 0.024405311 | Y40: 0.015834597 | Z40: 0.078401436 | AA40: 0.053471587 | AB40: 0.053073202 | AC40: 0.077093962 | AD40: 0.019831907 | AE40: 0.052627754 | AF40: 0.048533487 | AG40: 0.075191698 | AH40: 0.062251958 | AI40: 0.016417736 | AJ40: -0.0056529724 | AK40: 0.025866653 | AL40: 0.089061667 | AM40: 0.053824016 | AN40: 0.035230062 | AP40: =SUMSQ(A40:AN40) -> 0.16616635 | AQ40: =SQRT(AP40) -> 0.40763507 | AS40: =B40/$AQ40 -> 0.10761284 | AT40: =C40/$AQ40 -> 0.22682281 | AU40: =D40/$AQ40 -> 0.24493989 | AV40: =E40/$AQ40 -> 0.16970263 | AW40: =F40/$AQ40 -> 0.19632747 | AX40: =G40/$AQ40 -> 0.15523733 | AY40: =H40/$AQ40 -> 0.049465644 | AZ40: =I40/$AQ40 -> 0.089212698 | ... CE40: =AN40/$AQ40 -> 0.086425493 | CG40: =SUMSQ(AR40:CE40) -> 1 | CH40: =SQRT(CG40) -> 1 | CJ40: =SUMPRODUCT(AS40:CE40,'PC1'!AS40:CE40) -> 0.88818787 | CK40: Trachypithecus_phayrei | CM40: =SUMPRODUCT(AS40:CE40,'PC2'!AS40:CE40) -> -0.14998547 | CN40: =ABS(CM40) -> 0.14998547 | CO40: =FISHER(CN40) -> 0.15112557 | CS40: Cata | CT40: =ABS(CJ40) -> 0.88818787 | CU40: =FISHER(CT40) -> 1.4132764 | CV40: =CN40 -> 0.14998547 | CW40: =FISHER(CV40) -> 0.15112557 | CX40: 0.1150535 | CY40: 0.11556524 | CZ40: 0.26876973 | DA40: 0.27553729
A41: Alouatta_belzebul | B41: 0.062413222 | C41: 0.19304338 | D41: 0.32140316 | E41: 0.26751483 | F41: 0.28780119 | G41: 0.19931241 | H41: 0.16771441 | I41: 0.1326778 | J41: 0.25284272 | K41: 0.15384872 | L41: 0.082750331 | M41: 0.13376735 | N41: 0.075539245 | O41: 0.0024515392 | P41: 0.08438831 | Q41: 0.10216394 | R41: 0.26526256 | S41: 0.21107665 | T41: 0.20154712 | U41: 0.081278996 | V41: 0.075050919 | W41: 0.26868238 | X41: 0.14282793 | Y41: 0.13427085 | Z41: 0.20132829 | AA41: 0.26284116 | AB41: 0.13086827 | AC41: 0.28367031 | AD41: 0.14854917 | AE41: 0.044617752 | AF41: 0.11765384 | AG41: 0.21614135 | AH41: 0.19273959 | AI41: 0.058088801 | AJ41: 0.026311305 | AK41: 0.023988661 | AL41: 0.23963959 | AM41: 0.06937076 | AN41: 0.00035382804 | AP41: =SUMSQ(A41:AN41) -> 1.1941807 | AQ41: =SQRT(AP41) -> 1.0927857 | AS41: =B41/$AQ41 -> 0.05711387 | AT41: =C41/$AQ41 -> 0.17665254 | AU41: =D41/$AQ41 -> 0.29411361 | AV41: =E41/$AQ41 -> 0.2448008 | AW41: =F41/$AQ41 -> 0.2633647 | AX41: =G41/$AQ41 -> 0.18238928 | AY41: =H41/$AQ41 -> 0.15347419 | AZ41: =I41/$AQ41 -> 0.12141246 | ... CE41: =AN41/$AQ41 -> 0.00032378538 | CG41: =SUMSQ(AR41:CE41) -> 1 | CH41: =SQRT(CG41) -> 1 | CJ41: =SUMPRODUCT(AS41:CE41,'PC1'!AS41:CE41) -> 0.93561062 | CK41: Alouatta_belzebul | CM41: =SUMPRODUCT(AS41:CE41,'PC2'!AS41:CE41) -> 0.035565417 | CN41: =ABS(CM41) -> 0.035565417 | CO41: =FISHER(CN41) -> 0.035580424 | CP41: 0.12694713 | CQ41: 0.12694713 | CR41: 0.12763574 | CS41: Platy | CT41: =ABS(CJ41) -> 0.93561062 | CU41: =FISHER(CT41) -> 1.7016147 | CV41: =CN41 -> 0.035565417 | CW41: =FISHER(CV41) -> 0.035580424 | CX41: 0.23291881 | CY41: 0.2372735 | CZ41: 0.084350705 | DA41: 0.084551617
A42: Alouatta_caraya | B42: 0.065697308 | C42: 0.13430707 | D42: 0.24068014 | E42: 0.19649972 | F42: 0.21192628 | G42: 0.17081523 | H42: 0.09977221 | I42: 0.14542018 | J42: 0.23182698 | K42: 0.21125779 | L42: 0.10810743 | M42: 0.11187481 | N42: 0.11501585 | O42: 0.030749832 | P42: 0.097069152 | Q42: 0.087592909 | R42: 0.26845058 | S42: 0.2156713 | T42: 0.17554559 | U42: 0.031504216 | V42: 0.043437049 | W42: 0.18703958 | X42: 0.11159983 | Y42: 0.11161566 | Z42: 0.19249346 | AA42: 0.20034109 | AB42: 0.082486757 | AC42: 0.23222481 | AD42: 0.18986465 | AE42: 0.0031388522 | AF42: 0.11902923 | AG42: 0.22107478 | AH42: 0.20028849 | AI42: 0.068561265 | AJ42: 0.062367314 | AK42: -0.010831838 | AL42: 0.26405967 | AM42: 0.068236519 | AN42: 0.020112723 | AP42: =SUMSQ(A42:AN42) -> 0.95073796 | AQ42: =SQRT(AP42) -> 0.97505792 | AS42: =B42/$AQ42 -> 0.067377852 | AT42: =C42/$AQ42 -> 0.13774266 | AU42: =D42/$AQ42 -> 0.24683676 | AV42: =E42/$AQ42 -> 0.20152621 | AW42: =F42/$AQ42 -> 0.21734738 | AX42: =G42/$AQ42 -> 0.1751847 | AY42: =H42/$AQ42 -> 0.10232439 | AZ42: =I42/$AQ42 -> 0.14914004 | ... CE42: =AN42/$AQ42 -> 0.020627208 | CG42: =SUMSQ(AR42:CE42) -> 1 | CH42: =SQRT(CG42) -> 1 | CJ42: =SUMPRODUCT(AS42:CE42,'PC1'!AS42:CE42) -> 0.95050518 | CK42: Alouatta_caraya | CM42: =SUMPRODUCT(AS42:CE42,'PC2'!AS42:CE42) -> 0.064846343 | CN42: =ABS(CM42) -> 0.064846343 | CO42: =FISHER(CN42) -> 0.064937467 | CP42: 0.0072092293 | CQ42: 0.0072092293 | CR42: 0.0072093542 | CS42: Platy | CT42: =ABS(CJ42) -> 0.95050518 | CU42: =FISHER(CT42) -> 1.8369878 | CV42: =CN42 -> 0.064846343 | CW42: =FISHER(CV42) -> 0.064937467 | CX42: 0.20576937 | CY42: 0.20874962 | CZ42: 0.056982105 | DA42: 0.057043898
A43: Alouatta_palliata | B43: 0.041911088 | C43: 0.087335063 | D43: 0.19051907 | E43: 0.11377224 | F43: 0.1163433 | G43: 0.11182294 | H43: 0.057101398 | I43: 0.10542787 | J43: 0.12441022 | K43: 0.13682256 | L43: 0.064906268 | M43: 0.098997976 | N43: 0.054369863 | O43: 0.024116371 | P43: 0.033115753 | Q43: 0.12156094 | R43: 0.19982298 | S43: 0.14815956 | T43: 0.18499076 | U43: 0.11333746 | V43: 0.067642834 | W43: 0.1988752 | X43: 0.025377649 | Y43: 0.10799372 | Z43: 0.19087375 | AA43: 0.20236337 | AB43: 0.08324316 | AC43: 0.14697145 | AD43: 0.077906198 | AE43: 0.051456898 | AF43: 0.11059985 | AG43: 0.1452418 | AH43: 0.15944668 | AI43: 0.054175173 | AJ43: 0.0022252796 | AK43: 0.052922902 | AL43: 0.14557452 | AM43: 0.047220155 | AN43: -0.015501516 | AP43: =SUMSQ(A43:AN43) -> 0.53482988 | AQ43: =SQRT(AP43) -> 0.73132064 | AS43: =B43/$AQ43 -> 0.057308772 | AT43: =C43/$AQ43 -> 0.11942103 | AU43: =D43/$AQ43 -> 0.26051373 | AV43: =E43/$AQ43 -> 0.15557094 | AW43: =F43/$AQ43 -> 0.15908658 | AX43: =G43/$AQ43 -> 0.15290549 | AY43: =H43/$AQ43 -> 0.078079839 | AZ43: =I43/$AQ43 -> 0.14416094 | ... CE43: =AN43/$AQ43 -> -0.021196606 | CG43: =SUMSQ(AR43:CE43) -> 1 | CH43: =SQRT(CG43) -> 1 | CJ43: =SUMPRODUCT(AS43:CE43,'PC1'!AS43:CE43) -> 0.96409682 | CK43: Alouatta_palliata | CM43: =SUMPRODUCT(AS43:CE43,'PC2'!AS43:CE43) -> 0.03370265 | CN43: =ABS(CM43) -> 0.03370265 | CO43: =FISHER(CN43) -> 0.033715419 | CP43: 0.0020357276 | CQ43: 0.0020357276 | CR43: 0.0020357304 | CS43: Platy | CT43: =ABS(CJ43) -> 0.96409682 | CU43: =FISHER(CT43) -> 2.0009809 | CV43: =CN43 -> 0.03370265 | CW43: =FISHER(CV43) -> 0.033715419 | CX43: 0.083984341 | CY43: 0.084182638 | CZ43: 0.14935699 | DA43: 0.1504827
A44: Alouatta_seniculus | B44: 0.052375146 | C44: 0.20327525 | D44: 0.30761651 | E44: 0.23818612 | F44: 0.2838417 | G44: 0.19329671 | H44: 0.087297572 | I44: 0.095213945 | J44: 0.2136831 | K44: 0.1458968 | L44: 0.087676676 | M44: 0.094576118 | N44: 0.03914593 | O44: -0.00084843949 | P44: 0.1193795 | Q44: 0.039927422 | R44: 0.20204903 | S44: 0.13492629 | T44: 0.12363868 | U44: -0.047184229 | V44: 0.073111153 | W44: 0.22600045 | X44: 0.11658991 | Y44: 0.13597721 | Z44: 0.17519509 | AA44: 0.21198921 | AB44: 0.14397366 | AC44: 0.27465246 | AD44: 0.15771471 | AE44: 0.057078357 | AF44: 0.1133284 | AG44: 0.22864095 | AH44: 0.16945052 | AI44: 0.040904393 | AJ44: 0.039388448 | AK44: -0.0054669761 | AL44: 0.16310264 | AM44: 0.051428341 | AN44: 0.018056296 | AP44: =SUMSQ(A44:AN44) -> 0.9226324 | AQ44: =SQRT(AP44) -> 0.96053756 | AS44: =B44/$AQ44 -> 0.054526911 | AT44: =C44/$AQ44 -> 0.21162655 | AU44: =D44/$AQ44 -> 0.32025454 | AV44: =E44/$AQ44 -> 0.24797168 | AW44: =F44/$AQ44 -> 0.29550296 | AX44: =G44/$AQ44 -> 0.20123806 | AY44: =H44/$AQ44 -> 0.090884079 | AZ44: =I44/$AQ44 -> 0.099125687 | ... CE44: =AN44/$AQ44 -> 0.018798116 | CG44: =SUMSQ(AR44:CE44) -> 1 | CH44: =SQRT(CG44) -> 1 | CJ44: =SUMPRODUCT(AS44:CE44,'PC1'!AS44:CE44) -> 0.86987917 | CK44: Alouatta_seniculus | CM44: =SUMPRODUCT(AS44:CE44,'PC2'!AS44:CE44) -> 0.082516366 | CN44: =ABS(CM44) -> 0.082516366 | CO44: =FISHER(CN44) -> 0.082704418 | CP44: -0.088532621 | CQ44: 0.088532621 | CR44: 0.088765021 | CS44: Platy | CT44: =ABS(CJ44) -> 0.86987917 | CU44: =FISHER(CT44) -> 1.3325828 | CV44: =CN44 -> 0.082516366 | CW44: =FISHER(CV44) -> 0.082704418 | CX44: 0.37956176 | CY44: 0.39954755 | CZ44: 0.10590429 | DA44: 0.10630291
A45: Ateles_geoffroyi | B45: 0.0048898137 | C45: 0.010469005 | D45: 0.036539869 | E45: 0.0025205378 | F45: 0.0021404261 | G45: 0.033810241 | H45: -0.0037929372 | I45: 0.014187551 | J45: 0.0065249972 | K45: -0.010025646 | L45: 0.013517638 | M45: 0.015315266 | N45: -0.016593247 | O45: 0.011067103 | P45: -0.032934622 | Q45: 0.058167067 | R45: 0.067062905 | S45: 0.036284097 | T45: 0.053797962 | U45: 0.063410739 | V45: -0.0023121747 | W45: 0.021346618 | X45: -0.0047589301 | Y45: 0.018109343 | Z45: 0.038065281 | AA45: 0.012759151 | AB45: 0.0047543857 | AC45: -0.02673826 | AD45: 0.02022832 | AE45: 0.0042680615 | AF45: 0.016409354 | AG45: 0.0036553014 | AH45: 0.018106989 | AI45: 0.013415721 | AJ45: 0.056966031 | AK45: -0.0047930367 | AL45: 0.024641783 | AM45: 0.011193751 | AN45: 0.019746088 | AP45: =SUMSQ(A45:AN45) -> 0.029763132 | AQ45: =SQRT(AP45) -> 0.17251995 | AS45: =B45/$AQ45 -> 0.028343469 | AT45: =C45/$AQ45 -> 0.060682869 | AU45: =D45/$AQ45 -> 0.21180084 | AV45: =E45/$AQ45 -> 0.014610124 | AW45: =F45/$AQ45 -> 0.012406832 | AX45: =G45/$AQ45 -> 0.19597873 | AY45: =H45/$AQ45 -> -0.021985499 | AZ45: =I45/$AQ45 -> 0.082237161 | ... CE45: =AN45/$AQ45 -> 0.11445684 | CG45: =SUMSQ(AR45:CE45) -> 1 | CH45: =SQRT(CG45) -> 1 | CJ45: =SUMPRODUCT(AS45:CE45,'PC1'!AS45:CE45) -> 0.68533419 | CK45: Ateles_geoffroyi | CM45: =SUMPRODUCT(AS45:CE45,'PC2'!AS45:CE45) -> -0.51336461 | CN45: =ABS(CM45) -> 0.51336461 | CO45: =FISHER(CN45) -> 0.56728776 | CP45: 0.1492203 | CQ45: 0.1492203 | CR45: 0.15034288 | CS45: Platy | CT45: =ABS(CJ45) -> 0.68533419 | CU45: =FISHER(CT45) -> 0.839104 | CV45: =CN45 -> 0.51336461 | CW45: =FISHER(CV45) -> 0.56728776 | CX45: 0.23791787 | CY45: 0.24256589 | CZ45: 0.049768691 | DA45: 0.049809843
A46: Ateles_marginatus | B46: 0.014550439 | C46: 0.035474424 | D46: 0.048928454 | E46: 0.016256188 | F46: 0.026165607 | G46: 0.034471446 | H46: -0.013978091 | I46: 0.03077647 | J46: 0.034424845 | K46: 0.023322301 | L46: 0.028125982 | M46: 0.037819583 | N46: 0.032195793 | O46: 0.030334295 | P46: 0.026570478 | Q46: -0.024182234 | R46: -0.0078534337 | S46: -0.024402343 | T46: -0.028260357 | U46: -0.036899807 | V46: -0.018000616 | W46: 0.020135852 | X46: 0.018540971 | Y46: 0.017177487 | Z46: 0.0024500965 | AA46: 0.025061932 | AB46: 0.0019408453 | AC46: -0.016699739 | AD46: 0.024387233 | AE46: 0.043214829 | AF46: 0.046505612 | AG46: 0.034409856 | AH46: 0.025451052 | AI46: 0.0050361773 | AJ46: 0.048539241 | AK46: -0.014697378 | AL46: 0.021525787 | AM46: 0.023305837 | AN46: 0.035524102 | AP46: =SUMSQ(A46:AN46) -> 0.030767002 | AQ46: =SQRT(AP46) -> 0.17540525 | AS46: =B46/$AQ46 -> 0.082953271 | AT46: =C46/$AQ46 -> 0.20224266 | AU46: =D46/$AQ46 -> 0.27894521 | AV46: =E46/$AQ46 -> 0.09267789 | AW46: =F46/$AQ46 -> 0.14917231 | AX46: =G46/$AQ46 -> 0.1965246 | AY46: =H46/$AQ46 -> -0.079690266 | AZ46: =I46/$AQ46 -> 0.17545923 | ... CE46: =AN46/$AQ46 -> 0.20252588 | CG46: =SUMSQ(AR46:CE46) -> 1 | CH46: =SQRT(CG46) -> 1 | CJ46: =SUMPRODUCT(AS46:CE46,'PC1'!AS46:CE46) -> 0.42716444 | CK46: Ateles_marginatus | CM46: =SUMPRODUCT(AS46:CE46,'PC2'!AS46:CE46) -> 0.18666136 | CN46: =ABS(CM46) -> 0.18666136 | CO46: =FISHER(CN46) -> 0.18887575 | CP46: -0.53311103 | CQ46: 0.53311103 | CR46: 0.59448141 | CS46: Platy | CT46: =ABS(CJ46) -> 0.42716444 | CU46: =FISHER(CT46) -> 0.45642308 | CV46: =CN46 -> 0.18666136 | CW46: =FISHER(CV46) -> 0.18887575 | CX46: 0.64244599 | CY46: 0.76232773 | CZ46: 0.23084662 | DA46: 0.23508355
A47: Ateles_paniscus | B47: -0.0047408966 | C47: 0.042280841 | D47: 0.024619044 | E47: 0.011844613 | F47: 0.0219143 | G47: 0.021112718 | H47: -0.017446805 | I47: -0.01990926 | J47: 0.0076685302 | K47: -0.0042768164 | L47: -0.01137136 | M47: 0.026925879 | N47: -0.019656762 | O47: -0.0066434181 | P47: -0.0018620681 | Q47: 0.026278798 | R47: 0.023824209 | S47: 0.038432906 | T47: 0.047599986 | U47: 0.019085713 | V47: 0.0065944047 | W47: 0.035219212 | X47: 0.027557176 | Y47: 0.050158688 | Z47: 0.017719042 | AA47: 0.0014164805 | AB47: -0.019290175 | AC47: -0.0084783864 | AD47: -0.011501337 | AE47: -0.00081880509 | AF47: 0.012936617 | AG47: 0.0014397419 | AH47: 0.020336304 | AI47: -0.017853361 | AJ47: -0.040166042 | AK47: 0.0085386606 | AL47: 0.029979805 | AM47: 0.0055973482 | AN47: 0.013284095 | AP47: =SUMSQ(A47:AN47) -> 0.020060599 | AQ47: =SQRT(AP47) -> 0.14163544 | AS47: =B47/$AQ47 -> -0.03347253 | AT47: =C47/$AQ47 -> 0.29851879 | AU47: =D47/$AQ47 -> 0.1738198 | AV47: =E47/$AQ47 -> 0.083627467 | AW47: =F47/$AQ47 -> 0.15472328 | AX47: =G47/$AQ47 -> 0.1490638 | AY47: =H47/$AQ47 -> -0.12318106 | AZ47: =I47/$AQ47 -> -0.14056693 | ... CE47: =AN47/$AQ47 -> 0.093790752 | CG47: =SUMSQ(AR47:CE47) -> 1 | CH47: =SQRT(CG47) -> 1 | CJ47: =SUMPRODUCT(AS47:CE47,'PC1'!AS47:CE47) -> 0.58132958 | CK47: Ateles_paniscus | CM47: =SUMPRODUCT(AS47:CE47,'PC2'!AS47:CE47) -> -0.067848074 | CN47: =ABS(CM47) -> 0.067848074 | CO47: =FISHER(CN47) -> 0.067952472 | CP47: 0.39636445 | CQ47: 0.39636445 | CR47: 0.41932834 | CS47: Platy | CT47: =ABS(CJ47) -> 0.58132958 | CU47: =FISHER(CT47) -> 0.66446862 | CV47: =CN47 -> 0.067848074 | CW47: =FISHER(CV47) -> 0.067952472 | CX47: 0.19223191 | CY47: 0.19465369 | CZ47: 0.22757669 | DA47: 0.2316323
A48: Callicebus_personatus | B48: 0.019019991 | C48: 0.04204012 | D48: 0.069838736 | E48: 0.010435322 | F48: 0.020250335 | G48: 0.026001509 | H48: -0.026636067 | I48: 0.010054883 | J48: 0.039527973 | K48: 0.040352974 | L48: 0.022559003 | M48: 0.044268315 | N48: 0.020222208 | O48: 0.040850789 | P48: 0.022688499 | Q48: 0.013913339 | R48: 0.030693873 | S48: 0.020756498 | T48: -0.0024141047 | U48: 0.031503105 | V48: 0.005059538 | W48: 0.050422454 | X48: -0.010379968 | Y48: 0.031317466 | Z48: -0.00223887 | AA48: 0.012803142 | AB48: 0.0096931875 | AC48: 0.008226185 | AD48: 0.020331261 | AE48: -0.0051685874 | AF48: 0.023534501 | AG48: 0.067128242 | AH48: 0.010746337 | AI48: 0.012989655 | AJ48: -0.0037521418 | AK48: 0.027698509 | AL48: 0.0095512291 | AM48: -0.0043275091 | AN48: -0.0027971185 | AP48: =SUMSQ(A48:AN48) -> 0.030499458 | AQ48: =SQRT(AP48) -> 0.17464094 | AS48: =B48/$AQ48 -> 0.10890912 | AT48: =C48/$AQ48 -> 0.24072317 | AU48: =D48/$AQ48 -> 0.39989899 | AV48: =E48/$AQ48 -> 0.059753009 | AW48: =F48/$AQ48 -> 0.11595411 | AX48: =G48/$AQ48 -> 0.14888553 | AY48: =H48/$AQ48 -> -0.15251903 | AZ48: =I48/$AQ48 -> 0.057574607 | ... CE48: =AN48/$AQ48 -> -0.016016396 | CG48: =SUMSQ(AR48:CE48) -> 1 | CH48: =SQRT(CG48) -> 1 | CJ48: =SUMPRODUCT(AS48:CE48,'PC1'!AS48:CE48) -> 0.72263351 | CK48: Callicebus_personatus | CM48: =SUMPRODUCT(AS48:CE48,'PC2'!AS48:CE48) -> 0.23761691 | CN48: =ABS(CM48) -> 0.23761691 | CO48: =FISHER(CN48) -> 0.24224689 | CP48: -0.55143426 | CQ48: 0.55143426 | CR48: 0.62043994 | CS48: Platy | CT48: =ABS(CJ48) -> 0.72263351 | CU48: =FISHER(CT48) -> 0.91313491 | CV48: =CN48 -> 0.23761691 | CW48: =FISHER(CV48) -> 0.24224689 | CX48: 0.18172171 | CY48: 0.18376262 | CZ48: 0.13052114 | DA48: 0.13126999
A49: Callithrix_geoffroyi | B49: 0.0026017683 | C49: -0.01020547 | D49: 0.0078039247 | E49: 0.013568378 | F49: 0.014326701 | G49: 0.0040289466 | H49: 0.0069119414 | I49: -0.010805259 | J49: -0.014268538 | K49: -0.018964668 | L49: -0.018951909 | M49: -0.015608227 | N49: -0.012032953 | O49: 4.7856828e-05 | P49: 0.018148329 | Q49: -0.015925438 | R49: -0.030632537 | S49: -0.0026349603 | T49: 0.0012461941 | U49: -0.028841825 | V49: -0.019272488 | W49: 0.012249697 | X49: 0.0074446671 | Y49: -0.00033881943 | Z49: 0.017435225 | AA49: -0.01727343 | AB49: 0.0049713337 | AC49: 0.016115611 | AD49: -0.028004683 | AE49: -0.0020043628 | AF49: -0.019637021 | AG49: -0.034794355 | AH49: 0.007931108 | AI49: -0.0064941615 | AJ49: 0.042608536 | AK49: 0.011144681 | AL49: -0.0011045535 | AM49: 0.0065735695 | AN49: -0.0085412362 | AP49: =SUMSQ(A49:AN49) -> 0.010424954 | AQ49: =SQRT(AP49) -> 0.10210266 | AS49: =B49/$AQ49 -> 0.025481885 | AT49: =C49/$AQ49 -> -0.099953023 | AU49: =D49/$AQ49 -> 0.076432137 | AV49: =E49/$AQ49 -> 0.13288956 | AW49: =F49/$AQ49 -> 0.14031663 | AX49: =G49/$AQ49 -> 0.039459761 | AY49: =H49/$AQ49 -> 0.067695996 | AZ49: =I49/$AQ49 -> -0.1058274 | ... CE49: =AN49/$AQ49 -> -0.083653413 | CG49: =SUMSQ(AR49:CE49) -> 1 | CH49: =SQRT(CG49) -> 1 | CJ49: =SUMPRODUCT(AS49:CE49,'PC1'!AS49:CE49) -> -0.26625227 | CK49: Callithrix_geoffroyi | CM49: =SUMPRODUCT(AS49:CE49,'PC2'!AS49:CE49) -> -0.24524583 | CN49: =ABS(CM49) -> 0.24524583 | CO49: =FISHER(CN49) -> 0.25034807 | CP49: -0.012792903 | CQ49: 0.012792903 | CR49: 0.012793601 | CS49: Platy | CT49: =ABS(CJ49) -> 0.26625227 | CU49: =FISHER(CT49) -> 0.27282579 | CV49: =CN49 -> 0.24524583 | CW49: =FISHER(CV49) -> 0.25034807 | CX49: 0.42736656 | CY49: 0.45667033 | CZ49: 0.11406931 | DA49: 0.11456796
A50: Callithrix_jacchus | B50: -0.006084595 | C50: -0.024785437 | D50: 0.00099012745 | E50: -0.0081983555 | F50: 0.0030192238 | G50: 0.0078478318 | H50: 0.021791484 | I50: -0.0091366571 | J50: 0.00033350782 | K50: 0.010219666 | L50: 0.0024773833 | M50: 0.004149661 | N50: -0.012368467 | O50: -0.020383663 | P50: 0.013067614 | Q50: -0.01043778 | R50: 0.00036225814 | S50: 0.006765075 | T50: 0.012355008 | U50: 0.00055480847 | V50: 0.010761185 | W50: -0.0017286712 | X50: 0.0098789437 | Y50: -0.0094857352 | Z50: 0.021645442 | AA50: 0.009390188 | AB50: 0.0041129354 | AC50: -0.01621367 | AD50: 0.019578595 | AE50: 0.016825949 | AF50: -0.0047677753 | AG50: 0.0075839287 | AH50: 0.014965409 | AI50: -0.021322713 | AJ50: 0.041719979 | AK50: -0.017235856 | AL50: -0.0042446859 | AM50: -0.011032302 | AN50: -0.035088809 | AP50: =SUMSQ(A50:AN50) -> 0.0085002812 | AQ50: =SQRT(AP50) -> 0.092196969 | AS50: =B50/$AQ50 -> -0.065995608 | AT50: =C50/$AQ50 -> -0.26883136 | AU50: =D50/$AQ50 -> 0.010739262 | AV50: =E50/$AQ50 -> -0.08892218 | AW50: =F50/$AQ50 -> 0.032747539 | AX50: =G50/$AQ50 -> 0.085120279 | AY50: =H50/$AQ50 -> 0.23635792 | AZ50: =I50/$AQ50 -> -0.099099321 | ... CE50: =AN50/$AQ50 -> -0.38058528 | CG50: =SUMSQ(AR50:CE50) -> 1 | CH50: =SQRT(CG50) -> 1 | CJ50: =SUMPRODUCT(AS50:CE50,'PC1'!AS50:CE50) -> 0.095933471 | CK50: Callithrix_jacchus | CM50: =SUMPRODUCT(AS50:CE50,'PC2'!AS50:CE50) -> -0.33756702 | CN50: =ABS(CM50) -> 0.33756702 | CO50: =FISHER(CN50) -> 0.3513441 | CP50: -0.44203524 | CQ50: 0.44203524 | CR50: 0.47475748 | CS50: Platy | CT50: =ABS(CJ50) -> 0.095933471 | CU50: =FISHER(CT50) -> 0.096229407 | CV50: =CN50 -> 0.33756702 | CW50: =FISHER(CV50) -> 0.3513441 | CX50: 0.24265701 | CY50: 0.24759543 | CZ50: 0.17709624 | DA50: 0.17898331
A51: Callithrix_kuhlii | B51: 0.0014624832 | C51: -0.015167699 | D51: -0.0052225105 | E51: -0.0070469772 | F51: -0.01414003 | G51: -0.022736447 | H51: -0.011448302 | I51: 0.0015366827 | J51: -0.015758045 | K51: 0.0022230701 | L51: -0.01307705 | M51: -0.0055385611 | N51: -0.034471846 | O51: -0.026599351 | P51: -0.021282352 | Q51: 0.0056056218 | R51: 0.013398317 | S51: 0.014237416 | T51: 0.017646044 | U51: 0.032226418 | V51: -0.0025362341 | W51: -0.00211731 | X51: -0.019476598 | Y51: -0.013934884 | Z51: 0.011560548 | AA51: -0.0097109464 | AB51: -0.0012899709 | AC51: -0.015523807 | AD51: 0.0044988156 | AE51: 0.0059843034 | AF51: -0.0061884442 | AG51: -0.023453547 | AH51: -0.021347194 | AI51: -0.0354151 | AJ51: -0.034831517 | AK51: -0.031483993 | AL51: 0.011521427 | AM51: 0.0030554322 | AN51: -0.010284055 | AP51: =SUMSQ(A51:AN51) -> 0.011588428 | AQ51: =SQRT(AP51) -> 0.10764956 | AS51: =B51/$AQ51 -> 0.013585594 | AT51: =C51/$AQ51 -> -0.14089885 | AU51: =D51/$AQ51 -> -0.048513998 | AV51: =E51/$AQ51 -> -0.065462202 | AW51: =F51/$AQ51 -> -0.13135242 | AX51: =G51/$AQ51 -> -0.21120799 | AY51: =H51/$AQ51 -> -0.10634788 | AZ51: =I51/$AQ51 -> 0.014274863 | ... CE51: =AN51/$AQ51 -> -0.095532717 | CG51: =SUMSQ(AR51:CE51) -> 1 | CH51: =SQRT(CG51) -> 1 | CJ51: =SUMPRODUCT(AS51:CE51,'PC1'!AS51:CE51) -> -0.19195525 | CK51: Callithrix_kuhlii | CM51: =SUMPRODUCT(AS51:CE51,'PC2'!AS51:CE51) -> -0.23880933 | CN51: =ABS(CM51) -> 0.23880933 | CO51: =FISHER(CN51) -> 0.24351105 | CP51: 0.18868453 | CQ51: 0.18868453 | CR51: 0.19097278 | CS51: Platy | CT51: =ABS(CJ51) -> 0.19195525 | CU51: =FISHER(CT51) -> 0.19436643 | CV51: =CN51 -> 0.23880933 | CW51: =FISHER(CV51) -> 0.24351105 | CX51: 0.60268812 | CY51: 0.697358 | CZ51: 0.48251148 | DA51: 0.52625277
A52: Callithrix_penicillata | B52: 0.0031265542 | C52: 0.00923331 | D52: -0.0033859211 | E52: -0.012232107 | F52: 0.0071065123 | G52: -0.0034871794 | H52: -0.01469121 | I52: -0.013630822 | J52: -0.0034367213 | K52: 0.017541943 | L52: 0.015900685 | M52: 0.0085556095 | N52: -0.018313625 | O52: 0.0069646032 | P52: 0.0070043219 | Q52: -0.017326827 | R52: -0.030316516 | S52: -0.018624336 | T52: -0.020525786 | U52: -0.028559038 | V52: 0.032479702 | W52: 0.0076480297 | X52: -0.0027002293 | Y52: 0.013040404 | Z52: 0.0007109766 | AA52: 0.00089651288 | AB52: -0.0029365017 | AC52: 0.012278212 | AD52: -0.017933462 | AE52: -0.01620871 | AF52: -0.0018300716 | AG52: 0.0092546816 | AH52: 0.018789452 | AI52: -0.0012568904 | AJ52: -0.004936186 | AK52: 0.0050152547 | AL52: -0.022782167 | AM52: -0.0095312356 | AN52: 0.0027053483 | AP52: =SUMSQ(A52:AN52) -> 0.0077481465 | AQ52: =SQRT(AP52) -> 0.088023557 | AS52: =B52/$AQ52 -> 0.035519517 | AT52: =C52/$AQ52 -> 0.1048959 | AU52: =D52/$AQ52 -> -0.038466079 | AV52: =E52/$AQ52 -> -0.13896402 | AW52: =F52/$AQ52 -> 0.08073421 | AX52: =G52/$AQ52 -> -0.039616434 | AY52: =H52/$AQ52 -> -0.16690089 | AZ52: =I52/$AQ52 -> -0.15485425 | ... CE52: =AN52/$AQ52 -> 0.030734367 | CG52: =SUMSQ(AR52:CE52) -> 1 | CH52: =SQRT(CG52) -> 1 | CJ52: =SUMPRODUCT(AS52:CE52,'PC1'!AS52:CE52) -> -0.29391316 | CK52: Callithrix_penicillata | CM52: =SUMPRODUCT(AS52:CE52,'PC2'!AS52:CE52) -> 0.32237819 | CN52: =ABS(CM52) -> 0.32237819 | CO52: =FISHER(CN52) -> 0.33429886 | CP52: 0.12289411 | CQ52: 0.12289411 | CR52: 0.12351847 | CS52: Platy | CT52: =ABS(CJ52) -> 0.29391316 | CU52: =FISHER(CT52) -> 0.30284406 | CV52: =CN52 -> 0.32237819 | CW52: =FISHER(CV52) -> 0.33429886 | CX52: 0.45469175 | CY52: 0.49059904 | CZ52: 0.18373015 | DA52: 0.18584044
A53: Cebus_albifrons | B53: 0.010614683 | C53: 0.041111877 | D53: 0.067771964 | E53: 0.032174177 | F53: 0.070978981 | G53: 0.11587047 | H53: -0.0020292915 | I53: 0.025531749 | J53: 0.080527589 | K53: 0.12085118 | L53: 0.045047241 | M53: 0.11770727 | N53: 0.067536191 | O53: 0.096829516 | P53: 0.025615007 | Q53: 0.032584615 | R53: 0.090476711 | S53: 0.059505174 | T53: 0.03836321 | U53: 0.014787685 | V53: 0.0065785754 | W53: 0.073244065 | X53: 0.063033464 | Y53: 0.042875688 | Z53: 0.056159696 | AA53: 0.051155745 | AB53: 0.011501089 | AC53: 0.03956503 | AD53: 0.084325615 | AE53: 0.027586362 | AF53: 0.032999349 | AG53: 0.094554268 | AH53: 0.034422553 | AI53: 0.050868352 | AJ53: -0.087970194 | AK53: 0.071968805 | AL53: 0.081245692 | AM53: 0.0056129923 | AN53: 0.062387909 | AP53: =SUMSQ(A53:AN53) -> 0.15640196 | AQ53: =SQRT(AP53) -> 0.39547688 | AS53: =B53/$AQ53 -> 0.02684021 | AT53: =C53/$AQ53 -> 0.1039552 | AU53: =D53/$AQ53 -> 0.1713677 | AV53: =E53/$AQ53 -> 0.081355395 | AW53: =F53/$AQ53 -> 0.17947694 | AX53: =G53/$AQ53 -> 0.29298924 | AY53: =H53/$AQ53 -> -0.0051312521 | AZ53: =I53/$AQ53 -> 0.064559397 | ... CE53: =AN53/$AQ53 -> 0.15775362 | CG53: =SUMSQ(AR53:CE53) -> 1 | CH53: =SQRT(CG53) -> 1 | CJ53: =SUMPRODUCT(AS53:CE53,'PC1'!AS53:CE53) -> 0.82269461 | CK53: Cebus_albifrons | CM53: =SUMPRODUCT(AS53:CE53,'PC2'!AS53:CE53) -> 0.39443296 | CN53: =ABS(CM53) -> 0.39443296 | CO53: =FISHER(CN53) -> 0.41703893 | CS53: Platy | CT53: =ABS(CJ53) -> 0.82269461 | CU53: =FISHER(CT53) -> 1.1650988 | CV53: =CN53 -> 0.39443296 | CW53: =FISHER(CV53) -> 0.41703893 | CX53: 0.033047015 | CY53: 0.033059053 | CZ53: 0.098350413 | DA53: 0.098669374
A54: Sapajus_apella | B54: 0.027214536 | C54: 0.080742065 | D54: 0.11617166 | E54: 0.08240115 | F54: 0.13108045 | G54: 0.085439151 | H54: 0.038206785 | I54: 0.069892928 | J54: 0.14064419 | K54: 0.11136286 | L54: 0.057149719 | M54: 0.13444574 | N54: 0.062668283 | O54: 0.076936346 | P54: 0.04760676 | Q54: 0.083070052 | R54: 0.15306685 | S54: 0.13664907 | T54: 0.13918321 | U54: 0.086131092 | V54: 0.01522099 | W54: 0.1223781 | X54: 0.056636466 | Y54: 0.11973475 | Z54: 0.12518327 | AA54: 0.1333038 | AB54: 0.030722196 | AC54: 0.08155763 | AD54: 0.079468654 | AE54: 0.036499518 | AF54: 0.064159128 | AG54: 0.083599946 | AH54: 0.081285249 | AI54: -0.034538115 | AJ54: 0.031598313 | AK54: 0.022292138 | AL54: 0.17179212 | AM54: 0.058671702 | AN54: -0.00075355259 | AP54: =SUMSQ(A54:AN54) -> 0.33459545 | AQ54: =SQRT(AP54) -> 0.57844227 | AS54: =B54/$AQ54 -> 0.047047973 | AT54: =C54/$AQ54 -> 0.13958535 | AU54: =D54/$AQ54 -> 0.20083536 | AV54: =E54/$AQ54 -> 0.14245354 | AW54: =F54/$AQ54 -> 0.22660939 | AX54: =G54/$AQ54 -> 0.14770558 | AY54: =H54/$AQ54 -> 0.066051164 | AZ54: =I54/$AQ54 -> 0.12082957 | ... CE54: =AN54/$AQ54 -> -0.0013027274 | CG54: =SUMSQ(AR54:CE54) -> 1 | CH54: =SQRT(CG54) -> 1 | CJ54: =SUMPRODUCT(AS54:CE54,'PC1'!AS54:CE54) -> 0.97566063 | CK54: Sapajus_apella | CM54: =SUMPRODUCT(AS54:CE54,'PC2'!AS54:CE54) -> 0.013754455 | CN54: =ABS(CM54) -> 0.013754455 | CO54: =FISHER(CN54) -> 0.013755323 | CP54: -0.17265813 | CQ54: 0.17265813 | CR54: 0.17440518 | CS54: Platy | CT54: =ABS(CJ54) -> 0.97566063 | CU54: =FISHER(CT54) -> 2.1982815 | CV54: =CN54 -> 0.013754455 | CW54: =FISHER(CV54) -> 0.013755323 | CX54: 0.085762507 | CY54: 0.085973707 | CZ54: 0.038215886 | DA54: 0.038234507
A55: Sapajus_libidinosus | B55: 0.023416207 | C55: 0.095537141 | D55: 0.12545248 | E55: 0.068043415 | F55: 0.10266675 | G55: 0.090504573 | H55: 0.030575684 | I55: 0.034477773 | J55: 0.10507759 | K55: 0.1533553 | L55: 0.057547331 | M55: 0.12137566 | N55: 0.10041841 | O55: 0.032825063 | P55: 0.038481974 | Q55: 0.066397758 | R55: 0.11133203 | S55: 0.10235778 | T55: 0.13744969 | U55: 0.067716533 | V55: 0.042557939 | W55: 0.128636 | X55: 0.042444065 | Y55: 0.13472325 | Z55: 0.16518335 | AA55: 0.14361107 | AB55: 0.031290958 | AC55: 0.088961748 | AD55: 0.050185754 | AE55: 0.0041394298 | AF55: 0.068440631 | AG55: 0.075431891 | AH55: 0.079754086 | AI55: 0.01061999 | AJ55: -0.085328056 | AK55: 0.018327028 | AL55: 0.12768083 | AM55: 0.051422204 | AN55: 0.0057672999 | AP55: =SUMSQ(A55:AN55) -> 0.3079959 | AQ55: =SQRT(AP55) -> 0.55497379 | AS55: =B55/$AQ55 -> 0.042193357 | AT55: =C55/$AQ55 -> 0.17214712 | AU55: =D55/$AQ55 -> 0.22605118 | AV55: =E55/$AQ55 -> 0.12260654 | AW55: =F55/$AQ55 -> 0.18499387 | AX55: =G55/$AQ55 -> 0.163079 | AY55: =H55/$AQ55 -> 0.055093925 | AZ55: =I55/$AQ55 -> 0.062125047 | ... CE55: =AN55/$AQ55 -> 0.010392022 | CG55: =SUMSQ(AR55:CE55) -> 1 | CH55: =SQRT(CG55) -> 1 | CJ55: =SUMPRODUCT(AS55:CE55,'PC1'!AS55:CE55) -> 0.9281732 | CK55: Sapajus_libidinosus | CM55: =SUMPRODUCT(AS55:CE55,'PC2'!AS55:CE55) -> 0.2339712 | CN55: =ABS(CM55) -> 0.2339712 | CO55: =FISHER(CN55) -> 0.23838655 | CP55: -0.16708106 | CQ55: 0.16708106 | CR55: 0.16866238 | CS55: Platy | CT55: =ABS(CJ55) -> 0.9281732 | CU55: =FISHER(CT55) -> 1.6450353 | CV55: =CN55 -> 0.2339712 | CW55: =FISHER(CV55) -> 0.23838655 | CX55: 0.040187448 | CY55: 0.040209103 | CZ55: 0.18345263 | DA55: 0.18555323
A56: Sapajus_robustus | B56: 0.030000213 | C56: 0.080438378 | D56: 0.12804453 | E56: 0.093584756 | F56: 0.14868868 | G56: 0.084833996 | H56: 0.057798349 | I56: 0.053651818 | J56: 0.15422411 | K56: 0.18221584 | L56: 0.040374746 | M56: 0.11843144 | N56: 0.12885141 | O56: 0.1265951 | P56: 0.04878768 | Q56: 0.093658511 | R56: 0.16041671 | S56: 0.14440769 | T56: 0.1352111 | U56: 0.069784092 | V56: 0.025515145 | W56: 0.14084105 | X56: 0.097992754 | Y56: 0.12191373 | Z56: 0.063417993 | AA56: 0.10316694 | AB56: 0.046120562 | AC56: 0.075980828 | AD56: 0.079722514 | AE56: 0.031010697 | AF56: 0.076425719 | AG56: 0.10690857 | AH56: 0.094157316 | AI56: 0.016631182 | AJ56: -0.054791905 | AK56: 0.065940983 | AL56: 0.1585125 | AM56: 0.05938958 | AN56: 0.0089685557 | AP56: =SUMSQ(A56:AN56) -> 0.3915443 | AQ56: =SQRT(AP56) -> 0.62573501 | AS56: =B56/$AQ56 -> 0.047943958 | AT56: =C56/$AQ56 -> 0.12855023 | AU56: =D56/$AQ56 -> 0.2046306 | AV56: =E56/$AQ56 -> 0.14955972 | AW56: =F56/$AQ56 -> 0.23762244 | AX56: =G56/$AQ56 -> 0.13557496 | AY56: =H56/$AQ56 -> 0.092368732 | AZ56: =I56/$AQ56 -> 0.085742075 | ... CE56: =AN56/$AQ56 -> 0.014332834 | CG56: =SUMSQ(AR56:CE56) -> 1 | CH56: =SQRT(CG56) -> 1 | CJ56: =SUMPRODUCT(AS56:CE56,'PC1'!AS56:CE56) -> 0.95351007 | CK56: Sapajus_robustus | CM56: =SUMPRODUCT(AS56:CE56,'PC2'!AS56:CE56) -> 0.23169091 | CN56: =ABS(CM56) -> 0.23169091 | CO56: =FISHER(CN56) -> 0.23597556 | CP56: -0.030553241 | CQ56: 0.030553241 | CR56: 0.030562753 | CS56: Platy | CT56: =ABS(CJ56) -> 0.95351007 | CU56: =FISHER(CT56) -> 1.8690737 | CV56: =CN56 -> 0.23169091 | CW56: =FISHER(CV56) -> 0.23597556 | CX56: 0.015679733 | CY56: 0.015681018 | CZ56: 0.069450587 | DA56: 0.069562574
A57: Chiropotes_albinasus | B57: 0.0070297287 | C57: 0.047099722 | D57: 0.056195606 | E57: 0.026619171 | F57: 0.049601017 | G57: 0.037009775 | H57: 0.02755665 | I57: 0.024138464 | J57: 0.050566409 | K57: -0.016837325 | L57: 0.014574651 | M57: 0.037289306 | N57: -0.0028073595 | O57: 0.035837022 | P57: 0.023582327 | Q57: 0.018711757 | R57: 0.071451577 | S57: 0.033441252 | T57: 0.073297477 | U57: 0.041752003 | V57: -0.0012491343 | W57: 0.025671399 | X57: 0.020433626 | Y57: 0.018241052 | Z57: 0.054907265 | AA57: 0.040421067 | AB57: 0.018741583 | AC57: 0.014740726 | AD57: 0.072026856 | AE57: 0.010193058 | AF57: 0.067118462 | AG57: 0.0090985981 | AH57: 0.066140101 | AI57: 0.0098972584 | AJ57: -0.016236061 | AK57: 0.02548467 | AL57: 0.02781329 | AM57: 0.0072130229 | AN57: -0.019800865 | AP57: =SUMSQ(A57:AN57) -> 0.054398264 | AQ57: =SQRT(AP57) -> 0.23323435 | AS57: =B57/$AQ57 -> 0.030140194 | AT57: =C57/$AQ57 -> 0.20194161 | AU57: =D57/$AQ57 -> 0.24094052 | AV57: =E57/$AQ57 -> 0.11413058 | AW57: =F57/$AQ57 -> 0.212666 | AX57: =G57/$AQ57 -> 0.15868063 | AY57: =H57/$AQ57 -> 0.11815005 | AZ57: =I57/$AQ57 -> 0.10349446 | ... CE57: =AN57/$AQ57 -> -0.084896864 | CG57: =SUMSQ(AR57:CE57) -> 1 | CH57: =SQRT(CG57) -> 1 | CJ57: =SUMPRODUCT(AS57:CE57,'PC1'!AS57:CE57) -> 0.83829166 | CK57: Chiropotes_albinasus | CM57: =SUMPRODUCT(AS57:CE57,'PC2'!AS57:CE57) -> -0.068610507 | CN57: =ABS(CM57) -> 0.068610507 | CO57: =FISHER(CN57) -> 0.068718471 | CP57: 0.16385229 | CQ57: 0.16385229 | CR57: 0.16534272 | CS57: Platy | CT57: =ABS(CJ57) -> 0.83829166 | CU57: =FISHER(CT57) -> 1.2153988 | CV57: =CN57 -> 0.068610507 | CW57: =FISHER(CV57) -> 0.068718471 | CX57: 0.09682947 | CY57: 0.097133807 | CZ57: 0.090162825 | DA57: 0.090408344
A58: Pithecia_irrorata | B58: 0.016974487 | C58: 0.052375678 | D58: 0.048448317 | E58: 0.060376863 | F58: 0.051623766 | G58: 0.03938032 | H58: 0.028053351 | I58: 0.05766858 | J58: 0.062098386 | K58: 0.066418649 | L58: 0.019259759 | M58: 0.03116741 | N58: 0.026109949 | O58: -0.0029683178 | P58: 0.024594263 | Q58: -0.005481901 | R58: 0.043715912 | S58: 0.041514147 | T58: 0.031398962 | U58: 0.022088745 | V58: 0.0063940955 | W58: 0.042449236 | X58: -0.00022802462 | Y58: 0.036220062 | Z58: 0.070712085 | AA58: 0.06905125 | AB58: 0.014395312 | AC58: 0.068960918 | AD58: 0.047712329 | AE58: 0.011620287 | AF58: 0.030105933 | AG58: 0.034329811 | AH58: 0.028898863 | AI58: -0.0022195378 | AJ58: -0.015283266 | AK58: 0.00908946 | AL58: 0.051686391 | AM58: 0.024204997 | AN58: -0.0054614013 | AP58: =SUMSQ(A58:AN58) -> 0.060221936 | AQ58: =SQRT(AP58) -> 0.24540158 | AS58: =B58/$AQ58 -> 0.069170242 | AT58: =C58/$AQ58 -> 0.21342844 | AU58: =D58/$AQ58 -> 0.19742463 | AV58: =E58/$AQ58 -> 0.2460329 | AW58: =F58/$AQ58 -> 0.21036444 | AX58: =G58/$AQ58 -> 0.16047297 | AY58: =H58/$AQ58 -> 0.1143161 | AZ58: =I58/$AQ58 -> 0.23499677 | ... CE58: =AN58/$AQ58 -> -0.022254956 | CG58: =SUMSQ(AR58:CE58) -> 1 | CH58: =SQRT(CG58) -> 1 | CJ58: =SUMPRODUCT(AS58:CE58,'PC1'!AS58:CE58) -> 0.87265791 | CK58: Pithecia_irrorata | CM58: =SUMPRODUCT(AS58:CE58,'PC2'!AS58:CE58) -> 0.19580805 | CN58: =ABS(CM58) -> 0.19580805 | CO58: =FISHER(CN58) -> 0.19836972 | CP58: -0.028726772 | CQ58: 0.028726772 | CR58: 0.028734678 | CS58: Platy | CT58: =ABS(CJ58) -> 0.87265791 | CU58: =FISHER(CT58) -> 1.3441185 | CV58: =CN58 -> 0.19580805 | CW58: =FISHER(CV58) -> 0.19836972 | CX58: 0.22978201 | CY58: 0.23395931 | CZ58: 0.18656612 | DA58: 0.18877708
A59: Pithecia_pithecia | B59: 0.02491338 | C59: 0.05994329 | D59: 0.07840877 | E59: 0.063626192 | F59: 0.065078721 | G59: 0.019004457 | H59: 0.066229439 | I59: 0.060609181 | J59: 0.090129506 | K59: 0.065557653 | L59: 0.026690654 | M59: 0.071962709 | N59: 0.040396864 | O59: 0.049719093 | P59: 0.019254043 | Q59: 0.040372242 | R59: 0.10585374 | S59: 0.085180103 | T59: 0.083369278 | U59: 0.03870721 | V59: -0.0044116051 | W59: 0.075106914 | X59: 0.023901092 | Y59: 0.075974508 | Z59: 0.085862817 | AA59: 0.086138122 | AB59: 0.029759415 | AC59: 0.049770822 | AD59: 0.069984113 | AE59: 0.0011519174 | AF59: 0.044204853 | AG59: 0.054196085 | AH59: 0.074239818 | AI59: 0.018940546 | AJ59: 0.0082856379 | AK59: 0.029009328 | AL59: 0.076701463 | AM59: 0.039586387 | AN59: 0.0017024944 | AP59: =SUMSQ(A59:AN59) -> 0.13257518 | AQ59: =SQRT(AP59) -> 0.36410875 | AS59: =B59/$AQ59 -> 0.06842291 | AT59: =C59/$AQ59 -> 0.16463018 | AU59: =D59/$AQ59 -> 0.21534437 | AV59: =E59/$AQ59 -> 0.17474502 | AW59: =F59/$AQ59 -> 0.17873429 | AX59: =G59/$AQ59 -> 0.052194453 | AY59: =H59/$AQ59 -> 0.18189466 | AZ59: =I59/$AQ59 -> 0.16645901 | ... CE59: =AN59/$AQ59 -> 0.0046757855 | CG59: =SUMSQ(AR59:CE59) -> 1 | CH59: =SQRT(CG59) -> 1 | CJ59: =SUMPRODUCT(AS59:CE59,'PC1'!AS59:CE59) -> 0.96309714 | CK59: Pithecia_pithecia | CM59: =SUMPRODUCT(AS59:CE59,'PC2'!AS59:CE59) -> 0.056623078 | CN59: =ABS(CM59) -> 0.056623078 | CO59: =FISHER(CN59) -> 0.056683709 | CP59: -0.048380237 | CQ59: 0.048380237 | CR59: 0.048418037 | CS59: Platy | CT59: =ABS(CJ59) -> 0.96309714 | CU59: =FISHER(CT59) -> 1.9869948 | CV59: =CN59 -> 0.056623078 | CW59: =FISHER(CV59) -> 0.056683709 | CX59: 0.1126539 | CY59: 0.11313412 | CZ59: 0.039777365 | DA59: 0.039798364
A60: Saguinus_geoffroyi | B60: 0.0068235248 | C60: 0.0060749863 | D60: 0.004790772 | E60: -0.0150775 | F60: -0.0053437623 | G60: -0.00012154222 | H60: 0.0005022966 | I60: -0.010338789 | J60: 0.0026509508 | K60: 0.0074238756 | L60: 0.0021084566 | M60: 0.014906209 | N60: 0.0071129467 | O60: 0.015309835 | P60: 0.0078368154 | Q60: -0.00026180149 | R60: -0.0011238936 | S60: -0.0045968834 | T60: -0.00588714 | U60: -0.010489576 | V60: 0.010826216 | W60: 0.015715492 | X60: 0.0046134086 | Y60: 0.0049345799 | Z60: 0.00025480831 | AA60: 0.029337571 | AB60: 0.00028971748 | AC60: 0.0044872244 | AD60: 0.001009248 | AE60: -0.0028866906 | AF60: -0.00052097834 | AG60: 0.018089262 | AH60: 0.019109044 | AI60: -0.0081911918 | AJ60: -0.015781044 | AK60: 0.007587376 | AL60: -0.011367471 | AM60: 0.011104162 | AN60: -0.0015468361 | AP60: =SUMSQ(A60:AN60) -> 0.0038932115 | AQ60: =SQRT(AP60) -> 0.062395605 | AS60: =B60/$AQ60 -> 0.10935906 | AT60: =C60/$AQ60 -> 0.097362407 | AU60: =D60/$AQ60 -> 0.076780601 | AV60: =E60/$AQ60 -> -0.24164363 | AW60: =F60/$AQ60 -> -0.085643249 | AX60: =G60/$AQ60 -> -0.0019479291 | AY60: =H60/$AQ60 -> 0.008050192 | AZ60: =I60/$AQ60 -> -0.16569739 | ... CE60: =AN60/$AQ60 -> -0.024790786 | CG60: =SUMSQ(AR60:CE60) -> 1 | CH60: =SQRT(CG60) -> 1 | CJ60: =SUMPRODUCT(AS60:CE60,'PC1'!AS60:CE60) -> 0.24534029 | CK60: Saguinus_geoffroyi | CM60: =SUMPRODUCT(AS60:CE60,'PC2'!AS60:CE60) -> 0.41565433 | CN60: =ABS(CM60) -> 0.41565433 | CO60: =FISHER(CN60) -> 0.44242721 | CP60: 0.56261835 | CQ60: 0.56261835 | CR60: 0.63665599 | CS60: Platy | CT60: =ABS(CJ60) -> 0.24534029 | CU60: =FISHER(CT60) -> 0.25044859 | CV60: =CN60 -> 0.41565433 | CW60: =FISHER(CV60) -> 0.44242721 | CX60: 0.27590523 | CY60: 0.28324446 | CZ60: 0.25723338 | DA60: 0.26314349
A61: Saguinus_midas | B61: 0.0026939347 | C61: 0.00043758196 | D61: -0.0034750889 | E61: -0.01685601 | F61: -0.0033450967 | G61: 0.0015205779 | H61: -0.022029599 | I61: -0.0045826325 | J61: 0.0071891004 | K61: 0.0055413975 | L61: 0.013022321 | M61: 0.018788004 | N61: -0.011264532 | O61: -0.025084728 | P61: 0.011257468 | Q61: 0.0041636909 | R61: 0.0088655182 | S61: 0.016048048 | T61: 0.0038779857 | U61: 0.0086323015 | V61: -0.00099599362 | W61: 0.0037846595 | X61: 0.0047456706 | Y61: 0.011844929 | Z61: 0.0048606403 | AA61: -0.0014045299 | AB61: -0.0074457146 | AC61: 0.013197868 | AD61: -0.002830331 | AE61: -0.0030839772 | AF61: 0.001403795 | AG61: 0.0074326846 | AH61: 0.0032193826 | AI61: -0.012622053 | AJ61: -0.011185175 | AK61: -0.024011058 | AL61: 0.023989859 | AM61: -0.0069546807 | AN61: 0.0095364287 | AP61: =SUMSQ(A61:AN61) -> 0.0048485502 | AQ61: =SQRT(AP61) -> 0.069631532 | AS61: =B61/$AQ61 -> 0.038688431 | AT61: =C61/$AQ61 -> 0.0062842501 | AU61: =D61/$AQ61 -> -0.049906828 | AV61: =E61/$AQ61 -> -0.24207439 | AW61: =F61/$AQ61 -> -0.04803997 | AX61: =G61/$AQ61 -> 0.02183749 | AY61: =H61/$AQ61 -> -0.3163739 | AZ61: =I61/$AQ61 -> -0.065812605 | ... CE61: =AN61/$AQ61 -> 0.13695561 | CG61: =SUMSQ(AR61:CE61) -> 1 | CH61: =SQRT(CG61) -> 1 | CJ61: =SUMPRODUCT(AS61:CE61,'PC1'!AS61:CE61) -> 0.24290244 | CK61: Saguinus_midas | CM61: =SUMPRODUCT(AS61:CE61,'PC2'!AS61:CE61) -> -0.13761959 | CN61: =ABS(CM61) -> 0.13761959 | CO61: =FISHER(CN61) -> 0.1384984 | CP61: -0.53599423 | CQ61: 0.53599423 | CR61: 0.59851809 | CS61: Platy | CT61: =ABS(CJ61) -> 0.24290244 | CU61: =FISHER(CT61) -> 0.24785624 | CV61: =CN61 -> 0.13761959 | CW61: =FISHER(CV61) -> 0.1384984 | CX61: 0.14787496 | CY61: 0.14896719 | CZ61: 0.42511599 | DA61: 0.4539201
A62: Saguinus_mystax | B62: 0.013507192 | C62: 0.017468976 | D62: 0.0083570916 | E62: 0.016764396 | F62: 0.021971037 | G62: 0.020734505 | H62: 0.0099449903 | I62: 0.0022138681 | J62: 0.018029923 | K62: 0.014720002 | L62: -0.0012600555 | M62: 0.0069253088 | N62: 0.022868283 | O62: 0.037153365 | P62: 0.0079947555 | Q62: 0.019276874 | R62: 0.020877263 | S62: 0.012256667 | T62: 0.019620367 | U62: 0.0085260809 | V62: 0.0029448375 | W62: 0.032615865 | X62: 0.025799072 | Y62: 0.044342332 | Z62: 0.020272457 | AA62: 0.014042131 | AB62: -0.0033667861 | AC62: 0.030180793 | AD62: -0.011691838 | AE62: -0.016881429 | AF62: 0.010338797 | AG62: 0.0010758012 | AH62: 0.024937426 | AI62: -0.0026948272 | AJ62: 0.01899318 | AK62: 0.017334385 | AL62: 0.01733929 | AM62: 0.041971025 | AN62: 0.012124109 | AP62: =SUMSQ(A62:AN62) -> 0.015092805 | AQ62: =SQRT(AP62) -> 0.12285278 | AS62: =B62/$AQ62 -> 0.10994617 | AT62: =C62/$AQ62 -> 0.14219439 | AU62: =D62/$AQ62 -> 0.068025256 | AV62: =E62/$AQ62 -> 0.13645924 | AW62: =F62/$AQ62 -> 0.17884037 | AX62: =G62/$AQ62 -> 0.16877522 | AY62: =H62/$AQ62 -> 0.080950472 | AZ62: =I62/$AQ62 -> 0.018020497 | ... CE62: =AN62/$AQ62 -> 0.098688116 | CG62: =SUMSQ(AR62:CE62) -> 1 | CH62: =SQRT(CG62) -> 1 | CJ62: =SUMPRODUCT(AS62:CE62,'PC1'!AS62:CE62) -> 0.74540865 | CK62: Saguinus_mystax | CM62: =SUMPRODUCT(AS62:CE62,'PC2'!AS62:CE62) -> 0.04978793 | CN62: =ABS(CM62) -> 0.04978793 | CO62: =FISHER(CN62) -> 0.04982913 | CP62: -0.095782183 | CQ62: 0.095782183 | CR62: 0.096076715 | CS62: Platy | CT62: =ABS(CJ62) -> 0.74540865 | CU62: =FISHER(CT62) -> 0.96254213 | CV62: =CN62 -> 0.04978793 | CW62: =FISHER(CV62) -> 0.04982913 | CX62: 0.15156767 | CY62: 0.15274458 | CZ62: 0.13938341 | DA62: 0.14029672
A63: Saguinus_oedipus | B63: 0.022675076 | C63: -0.0073769813 | D63: 0.05517188 | E63: -0.0035428035 | F63: 0.0099564602 | G63: 0.020955797 | H63: -0.0042688282 | I63: 0.028153241 | J63: 0.02760757 | K63: 0.0035148519 | L63: 0.038130403 | M63: 0.013996434 | N63: 0.018094123 | O63: -0.047038222 | P63: -0.0083770772 | Q63: 0.0081989563 | R63: 0.021858857 | S63: 0.0034471982 | T63: -0.016547888 | U63: -0.016517828 | V63: -0.0025471536 | W63: -0.016816148 | X63: 0.0069915971 | Y63: -0.014651876 | Z63: 0.035384398 | AA63: -0.020612051 | AB63: 0.011963314 | AC63: -0.017619387 | AD63: 0.014807934 | AE63: 0.016466529 | AF63: 0.02587978 | AG63: -0.020501234 | AH63: -0.0039216168 | AI63: 0.02699963 | AJ63: -0.01538078 | AK63: 0.034790133 | AL63: -0.029171933 | AM63: 0.013619613 | AN63: 0.0036594256 | AP63: =SUMSQ(A63:AN63) -> 0.018617245 | AQ63: =SQRT(AP63) -> 0.13644502 | AS63: =B63/$AQ63 -> 0.1661847 | AT63: =C63/$AQ63 -> -0.054065594 | AU63: =D63/$AQ63 -> 0.40435246 | AV63: =E63/$AQ63 -> -0.025965062 | AW63: =F63/$AQ63 -> 0.07297049 | AX63: =G63/$AQ63 -> 0.15358418 | AY63: =H63/$AQ63 -> -0.031286067 | AZ63: =I63/$AQ63 -> 0.20633395 | ... CE63: =AN63/$AQ63 -> 0.026819781 | CG63: =SUMSQ(AR63:CE63) -> 1 | CH63: =SQRT(CG63) -> 1 | CJ63: =SUMPRODUCT(AS63:CE63,'PC1'!AS63:CE63) -> 0.18926749 | CK63: Saguinus_oedipus | CM63: =SUMPRODUCT(AS63:CE63,'PC2'!AS63:CE63) -> 0.20669466 | CN63: =ABS(CM63) -> 0.20669466 | CO63: =FISHER(CN63) -> 0.20971601 | CP63: -0.17193646 | CQ63: 0.17193646 | CR63: 0.17366143 | CS63: Platy | CT63: =ABS(CJ63) -> 0.18926749 | CU63: =FISHER(CT63) -> 0.19157733 | CV63: =CN63 -> 0.20669466 | CW63: =FISHER(CV63) -> 0.20971601 | CX63: 0.082570523 | CY63: 0.082758946 | CZ63: 0.19675927 | DA63: 0.19935906
A64: Saimiri_oerstedii | B64: 0.022679346 | C64: 0.052190646 | D64: 0.053996003 | E64: -0.0075125945 | F64: 0.048144725 | G64: 0.055126594 | H64: -0.00535256 | I64: 0.03435041 | J64: 0.06720869 | K64: 0.0069482688 | L64: 0.021244635 | M64: 0.042506138 | N64: 0.0056830838 | O64: 0.047715583 | P64: -0.011014964 | Q64: 0.042363436 | R64: 0.090507172 | S64: 0.091878649 | T64: 0.094827363 | U64: 0.067259132 | V64: 0.039367995 | W64: 0.063266098 | X64: 0.012401405 | Y64: 0.053693662 | Z64: 0.09075519 | AA64: 0.079104964 | AB64: 0.00050196742 | AC64: 0.059477327 | AD64: 0.048400974 | AE64: 0.0120243 | AF64: 0.021724561 | AG64: 0.057086083 | AH64: 0.040662642 | AI64: 0.0044333976 | AJ64: 0.017764643 | AK64: 0.031618614 | AL64: 0.070966005 | AM64: 0.018770563 | AN64: 0.0070023493 | AP64: =SUMSQ(A64:AN64) -> 0.095238519 | AQ64: =SQRT(AP64) -> 0.30860739 | AS64: =B64/$AQ64 -> 0.073489317 | AT64: =C64/$AQ64 -> 0.16911664 | AU64: =D64/$AQ64 -> 0.17496666 | AV64: =E64/$AQ64 -> -0.024343534 | AW64: =F64/$AQ64 -> 0.15600639 | AX64: =G64/$AQ64 -> 0.17863018 | AY64: =H64/$AQ64 -> -0.017344238 | AZ64: =I64/$AQ64 -> 0.1113078 | ... CE64: =AN64/$AQ64 -> 0.022690155 | CG64: =SUMSQ(AR64:CE64) -> 1 | CH64: =SQRT(CG64) -> 1 | CJ64: =SUMPRODUCT(AS64:CE64,'PC1'!AS64:CE64) -> 0.91790831 | CK64: Saimiri_oerstedii | CM64: =SUMPRODUCT(AS64:CE64,'PC2'!AS64:CE64) -> -0.15293458 | CN64: =ABS(CM64) -> 0.15293458 | CO64: =FISHER(CN64) -> 0.15414392 | CP64: -0.019843075 | CQ64: 0.019843075 | CR64: 0.01984568 | CS64: Platy | CT64: =ABS(CJ64) -> 0.91790831 | CU64: =FISHER(CT64) -> 1.5755768 | CV64: =CN64 -> 0.15293458 | CW64: =FISHER(CV64) -> 0.15414392 | CX64: 0.027747267 | CY64: 0.027754391 | CZ64: 0.11472887 | DA64: 0.11523626
A65: Saimiri_sciureus | B65: 0.030142388 | C65: 0.021019839 | D65: 0.06407656 | E65: 0.020023206 | F65: 0.093581144 | G65: 0.052857324 | H65: 0.042214352 | I65: 0.056313095 | J65: 0.098647505 | K65: 0.11767563 | L65: 0.036292921 | M65: 0.035221571 | N65: 0.076476373 | O65: 0.10004605 | P65: 0.022026209 | Q65: 0.022814421 | R65: 0.079520702 | S65: 0.06690746 | T65: 0.074840948 | U65: 0.041126759 | V65: 0.021547216 | W65: 0.072763658 | X65: 0.029423328 | Y65: 0.089043413 | Z65: 0.067470241 | AA65: 0.066382564 | AB65: 0.0072027675 | AC65: 0.06121616 | AD65: 0.069223204 | AE65: 0.022153141 | AF65: 0.047745959 | AG65: 0.067403894 | AH65: 0.059374169 | AI65: 0.047500712 | AJ65: 0.016266119 | AK65: 0.081016968 | AL65: 0.073415119 | AM65: 0.039363879 | AN65: 0.0024112708 | AP65: =SUMSQ(A65:AN65) -> 0.14242662 | AQ65: =SQRT(AP65) -> 0.37739452 | AS65: =B65/$AQ65 -> 0.079869703 | AT65: =C65/$AQ65 -> 0.055697257 | AU65: =D65/$AQ65 -> 0.16978668 | AV65: =E65/$AQ65 -> 0.053056431 | AW65: =F65/$AQ65 -> 0.24796636 | AX65: =G65/$AQ65 -> 0.14005854 | AY65: =H65/$AQ65 -> 0.11185735 | AZ65: =I65/$AQ65 -> 0.14921546 | ... CE65: =AN65/$AQ65 -> 0.0063892576 | CG65: =SUMSQ(AR65:CE65) -> 1 | CH65: =SQRT(CG65) -> 1 | CJ65: =SUMPRODUCT(AS65:CE65,'PC1'!AS65:CE65) -> 0.90910884 | CK65: Saimiri_sciureus | CM65: =SUMPRODUCT(AS65:CE65,'PC2'!AS65:CE65) -> 0.22586341 | CN65: =ABS(CM65) -> 0.22586341 | CO65: =FISHER(CN65) -> 0.22982619 | CP65: -0.027301311 | CQ65: 0.027301311 | CR65: 0.027308097 | CS65: Platy | CT65: =ABS(CJ65) -> 0.90910884 | CU65: =FISHER(CT65) -> 1.5223645 | CV65: =CN65 -> 0.22586341 | CW65: =FISHER(CV65) -> 0.22982619 | CX65: 0.0945653 | CY65: 0.094848709 | CZ65: 0.15905144 | DA65: 0.16041337

Sheet Sheet1
A1: pc1xDM | B1: Esp$ | C1: Especies | D1: MDS1 | E1: MDS2 | F1: pc1xdm | G1: fisherpc1xDM | I1: pc2xdm | J1: fisherpc2xDM
A2: -0.93954256 | B2: Cercocebus_agilis | C2: Cercocebus_agilis | D2: 0.34952679 | E2: -1.905893 | F2: =ABS(A2) -> 0.93954256 | G2: =FISHER(F2) -> 1.7341339 | H2: cata | I2: 0.028720315 | J2: 0.028728216
A3: -0.96668007 | B3: Cercocebus_torquatus | C3: Cercocebus_torquatus | D3: -2.6886634 | E3: -1.5184778 | F3: =ABS(A3) -> 0.96668007 | G3: =FISHER(F3) -> 2.0389732 | H3: cata | I3: 0.07085987 | J3: 0.070978827
A4: -0.9495195 | B4: Cercopithecus_ascanius | C4: Cercopithecus_ascanius | D4: -0.6634824 | E4: 1.5267536 | F4: =ABS(A4) -> 0.9495195 | G4: =FISHER(F4) -> 1.8268755 | H4: cata | I4: 0.12048671 | J4: 0.12107488
A5: -0.91678698 | B5: Cercopithecus_campbelli | C5: Cercopithecus_campbelli | D5: -4.1055763 | E5: -0.29520283 | F5: =ABS(A5) -> 0.91678698 | G5: =FISHER(F5) -> 1.5685009 | H5: cata | I5: 0.066243267 | J5: 0.066340418
A6: -0.97153718 | B6: Cercopithecus_cephus | C6: Cercopithecus_cephus | D6: -4.2892419 | E6: -1.2594717 | F6: =ABS(A6) -> 0.97153718 | G6: =FISHER(F6) -> 2.1189851 | H6: cata | I6: 0.012696524 | J6: 0.012697206
A7: -0.93627318 | B7: Cercopithecus_diana | C7: Cercopithecus_diana | D7: -3.5101845 | E7: -1.0810654 | F7: =ABS(A7) -> 0.93627318 | G7: =FISHER(F7) -> 1.7069574 | H7: cata | I7: 0.0028848673 | J7: 0.0028848753
A8: -0.93979669 | B8: Cercopithecus_mitis | C8: Cercopithecus_mitis | D8: -4.0343011 | E8: -1.201553 | F8: =ABS(A8) -> 0.93979669 | G8: =FISHER(F8) -> 1.7363055 | H8: cata | I8: 0.21106388 | J8: 0.21428457
A9: -0.97617349 | B9: Cercopithecus_neglectus | C9: Cercopithecus_neglectus | D9: 7.2934815 | E9: 3.0721741 | F9: =ABS(A9) -> 0.97617349 | G9: =FISHER(F9) -> 2.2090594 | H9: cata | I9: 0.073277943 | J9: 0.073409526
A10: -0.92301836 | B10: Cercopithecus_nictitans | C10: Cercopithecus_nictitans | D10: -3.4621929 | E10: 1.6981501 | F10: =ABS(A10) -> 0.92301836 | G10: =FISHER(F10) -> 1.6090422 | H10: cata | I10: 0.24416422 | J10: 0.24919757
A11: -0.9571983 | B11: Chlorocebus_aethiops | C11: Chlorocebus_aethiops | D11: 0.057527724 | E11: -1.6151138 | F11: =ABS(A11) -> 0.9571983 | G11: =FISHER(F11) -> 1.9113458 | H11: cata | I11: 0.045151223 | J11: 0.045181943
A12: -0.8193821 | B12: Colobus_angolensis | C12: Colobus_angolensis | D12: -2.7600478 | E12: -1.4498801 | F12: =ABS(A12) -> 0.8193821 | G12: =FISHER(F12) -> 1.1549342 | H12: cata | I12: 0.41388904 | J12: 0.44029513
A13: -0.95526679 | B13: Colobus_guereza | C13: Colobus_guereza | D13: -2.765581 | E13: -1.4516877 | F13: =ABS(A13) -> 0.95526679 | G13: =FISHER(F13) -> 1.8887829 | H13: cata | I13: 0.031145951 | J13: 0.031156028
... A52: -0.12028663 | B52: Callithrix_penicillata | C52: Callithrix_penicillata | D52: 6.0198183 | E52: -3.196876 | F52: =ABS(A52) -> 0.12028663 | G52: =FISHER(F52) -> 0.12087186 | H52: Platy | I52: 0.12289411 | J52: 0.12351847
B53: Cebus_albifrons | C53: Cebus_albifrons
A54: -0.95566447 | B54: Sapajus_apella | C54: Sapajus_apella | D54: -1.7977929 | E54: 3.385814 | F54: =ABS(A54) -> 0.95566447 | G54: =FISHER(F54) -> 1.8933494 | H54: Platy | I54: 0.17265813 | J54: 0.17440518
A55: -0.97050184 | B55: Sapajus_libidinosus | C55: Sapajus_libidinosus | D55: -2.9268821 | E55: -1.3020471 | F55: =ABS(A55) -> 0.97050184 | G55: =FISHER(F55) -> 2.1008578 | H55: Platy | I55: 0.16708106 | J55: 0.16866238
A56: -0.97733057 | B56: Sapajus_robustus | C56: Sapajus_robustus | D56: -2.1907324 | E56: -1.6754311 | F56: =ABS(A56) -> 0.97733057 | G56: =FISHER(F56) -> 2.2342428 | H56: Platy | I56: 0.030553241 | J56: 0.030562753
A57: -0.73539268 | B57: Chiropotes_albinasus | C57: Chiropotes_albinasus | D57: 3.9364563 | E57: 1.1860904 | F57: =ABS(A57) -> 0.73539268 | G57: =FISHER(F57) -> 0.94037103 | H57: Platy | I57: 0.16385229 | J57: 0.16534272
A58: -0.89915733 | B58: Pithecia_irrorata | C58: Pithecia_irrorata | D58: 6.5016164 | E58: -3.0902131 | F58: =ABS(A58) -> 0.89915733 | G58: =FISHER(F58) -> 1.467802 | H58: Platy | I58: 0.028726772 | J58: 0.028734678
A59: -0.95666332 | B59: Pithecia_pithecia | C59: Pithecia_pithecia | D59: 1.9406275 | E59: -2.5103001 | F59: =ABS(A59) -> 0.95666332 | G59: =FISHER(F59) -> 1.9049983 | H59: Platy | I59: 0.048380237 | J59: 0.048418037
A60: 0.070867628 | B60: Saguinus_geoffroyi | C60: Saguinus_geoffroyi | D60: 0.97753531 | E60: 1.3728757 | F60: =ABS(A60) -> 0.070867628 | G60: =FISHER(F60) -> 0.070986624 | H60: Platy | I60: 0.56261835 | J60: 0.63665599
A61: -0.15020704 | B61: Saguinus_midas | C61: Saguinus_midas | D61: -1.2986017 | E61: 1.6642556 | F61: =ABS(A61) -> 0.15020704 | G61: =FISHER(F61) -> 0.15135224 | H61: Platy | I61: 0.53599423 | J61: 0.59851809
A62: -0.57285822 | B62: Saguinus_mystax | C62: Saguinus_mystax | D62: -1.2943008 | E62: 1.6656606 | F62: =ABS(A62) -> 0.57285822 | G62: =FISHER(F62) -> 0.65176689 | H62: Platy | I62: 0.095782183 | J62: 0.096076715
A63: 0.85441037 | B63: Saguinus_oedipus | C63: Saguinus_oedipus | D63: 5.092984 | E63: -0.09688184 | F63: =ABS(A63) -> 0.85441037 | G63: =FISHER(F63) -> 1.2722651 | H63: Platy | I63: 0.17193646 | J63: 0.17366143
A64: -0.87875663 | B64: Saimiri_oerstedii | C64: Saimiri_oerstedii | D64: 1.4801897 | E64: 0.76474384 | F64: =ABS(A64) -> 0.87875663 | G64: =FISHER(F64) -> 1.3702828 | H64: Platy | I64: 0.019843075 | J64: 0.01984568
A65: -0.92743638 | B65: Saimiri_sciureus | C65: Saimiri_sciureus | D65: -1.3664339 | E65: -1.8430496 | F65: =ABS(A65) -> 0.92743638 | G65: =FISHER(F65) -> 1.6397412 | H65: Platy | I65: 0.027301311 | J65: 0.027308097

Sheet PC1
A1: Especies | AS1: =1/SQRT(39) -> 0.16012815 | AT1: =1/SQRT(39) -> 0.16012815 | AU1: =1/SQRT(39) -> 0.16012815 | AV1: =1/SQRT(39) -> 0.16012815 | AW1: =1/SQRT(39) -> 0.16012815 | AX1: =1/SQRT(39) -> 0.16012815 | AY1: =1/SQRT(39) -> 0.16012815 | AZ1: =1/SQRT(39) -> 0.16012815 | ... CE1: =1/SQRT(39) -> 0.16012815
A2: Cercocebus_agilis | B2: 0.070527085 | C2: 0.20572758 | D2: 0.36468174 | E2: 0.32927443 | F2: 0.25556769 | G2: 0.17008177 | H2: 0.20310502 | I2: 0.17862244 | J2: 0.19223048 | K2: 0.16245416 | L2: 0.089114148 | M2: 0.16519316 | N2: 0.060047878 | O2: 0.15293293 | P2: 0.13078381 | Q2: 0.10797868 | R2: 0.14025542 | S2: 0.12016037 | T2: 0.18385252 | U2: 0.061459247 | V2: 0.041889862 | W2: 0.24320649 | X2: 0.12401489 | Y2: 0.108193 | Z2: 0.13533265 | AA2: 0.17636824 | AB2: 0.16157501 | AC2: 0.067053541 | AD2: 0.083659911 | AE2: 0.045949959 | AF2: 0.1356818 | AG2: 0.1136457 | AH2: 0.15531932 | AI2: 0.12577261 | AJ2: 0.095563289 | AK2: 0.16011017 | AL2: 0.13835302 | AM2: 0.12138303 | AN2: 0.028848403 | AP2: =SUMSQ(A2:AN2) -> 1 | AQ2: =SQRT(AP2) -> 1 | AS2: =B2/$AQ2 -> 0.070527085 | AT2: =C2/$AQ2 -> 0.20572758 | AU2: =D2/$AQ2 -> 0.36468174 | AV2: =E2/$AQ2 -> 0.32927443 | AW2: =F2/$AQ2 -> 0.25556769 | AX2: =G2/$AQ2 -> 0.17008177 | AY2: =H2/$AQ2 -> 0.20310502 | AZ2: =I2/$AQ2 -> 0.17862244 | ... CE2: =AN2/$AQ2 -> 0.028848403 | CG2: =SUMSQ(AR2:CE2) -> 1 | CH2: =SQRT(CG2) -> 1 | CJ2: =SUMPRODUCT($AS$1:$CE$1,AS2:CE2) -> 0.89767385
A3: Cercocebus_torquatus | B3: 0.070527085 | C3: 0.20572758 | D3: 0.36468174 | E3: 0.32927443 | F3: 0.25556769 | G3: 0.17008177 | H3: 0.20310502 | I3: 0.17862244 | J3: 0.19223048 | K3: 0.16245416 | L3: 0.089114148 | M3: 0.16519316 | N3: 0.060047878 | O3: 0.15293293 | P3: 0.13078381 | Q3: 0.10797868 | R3: 0.14025542 | S3: 0.12016037 | T3: 0.18385252 | U3: 0.061459247 | V3: 0.041889862 | W3: 0.24320649 | X3: 0.12401489 | Y3: 0.108193 | Z3: 0.13533265 | AA3: 0.17636824 | AB3: 0.16157501 | AC3: 0.067053541 | AD3: 0.083659911 | AE3: 0.045949959 | AF3: 0.1356818 | AG3: 0.1136457 | AH3: 0.15531932 | AI3: 0.12577261 | AJ3: 0.095563289 | AK3: 0.16011017 | AL3: 0.13835302 | AM3: 0.12138303 | AN3: 0.028848403 | AP3: =SUMSQ(A3:AN3) -> 1 | AQ3: =SQRT(AP3) -> 1 | AS3: =B3/$AQ3 -> 0.070527085 | AT3: =C3/$AQ3 -> 0.20572758 | AU3: =D3/$AQ3 -> 0.36468174 | AV3: =E3/$AQ3 -> 0.32927443 | AW3: =F3/$AQ3 -> 0.25556769 | AX3: =G3/$AQ3 -> 0.17008177 | AY3: =H3/$AQ3 -> 0.20310502 | AZ3: =I3/$AQ3 -> 0.17862244 | ... CE3: =AN3/$AQ3 -> 0.028848403 | CG3: =SUMSQ(AR3:CE3) -> 1 | CH3: =SQRT(CG3) -> 1 | CJ3: =SUMPRODUCT($AS$1:$CE$1,AS3:CE3) -> 0.89767385
A4: Cercopithecus_ascanius | B4: 0.070527085 | C4: 0.20572758 | D4: 0.36468174 | E4: 0.32927443 | F4: 0.25556769 | G4: 0.17008177 | H4: 0.20310502 | I4: 0.17862244 | J4: 0.19223048 | K4: 0.16245416 | L4: 0.089114148 | M4: 0.16519316 | N4: 0.060047878 | O4: 0.15293293 | P4: 0.13078381 | Q4: 0.10797868 | R4: 0.14025542 | S4: 0.12016037 | T4: 0.18385252 | U4: 0.061459247 | V4: 0.041889862 | W4: 0.24320649 | X4: 0.12401489 | Y4: 0.108193 | Z4: 0.13533265 | AA4: 0.17636824 | AB4: 0.16157501 | AC4: 0.067053541 | AD4: 0.083659911 | AE4: 0.045949959 | AF4: 0.1356818 | AG4: 0.1136457 | AH4: 0.15531932 | AI4: 0.12577261 | AJ4: 0.095563289 | AK4: 0.16011017 | AL4: 0.13835302 | AM4: 0.12138303 | AN4: 0.028848403 | AP4: =SUMSQ(A4:AN4) -> 1 | AQ4: =SQRT(AP4) -> 1 | AS4: =B4/$AQ4 -> 0.070527085 | AT4: =C4/$AQ4 -> 0.20572758 | AU4: =D4/$AQ4 -> 0.36468174 | AV4: =E4/$AQ4 -> 0.32927443 | AW4: =F4/$AQ4 -> 0.25556769 | AX4: =G4/$AQ4 -> 0.17008177 | AY4: =H4/$AQ4 -> 0.20310502 | AZ4: =I4/$AQ4 -> 0.17862244 | ... CE4: =AN4/$AQ4 -> 0.028848403 | CG4: =SUMSQ(AR4:CE4) -> 1 | CH4: =SQRT(CG4) -> 1 | CJ4: =SUMPRODUCT($AS$1:$CE$1,AS4:CE4) -> 0.89767385
A5: Cercopithecus_campbelli | B5: 0.070527085 | C5: 0.20572758 | D5: 0.36468174 | E5: 0.32927443 | F5: 0.25556769 | G5: 0.17008177 | H5: 0.20310502 | I5: 0.17862244 | J5: 0.19223048 | K5: 0.16245416 | L5: 0.089114148 | M5: 0.16519316 | N5: 0.060047878 | O5: 0.15293293 | P5: 0.13078381 | Q5: 0.10797868 | R5: 0.14025542 | S5: 0.12016037 | T5: 0.18385252 | U5: 0.061459247 | V5: 0.041889862 | W5: 0.24320649 | X5: 0.12401489 | Y5: 0.108193 | Z5: 0.13533265 | AA5: 0.17636824 | AB5: 0.16157501 | AC5: 0.067053541 | AD5: 0.083659911 | AE5: 0.045949959 | AF5: 0.1356818 | AG5: 0.1136457 | AH5: 0.15531932 | AI5: 0.12577261 | AJ5: 0.095563289 | AK5: 0.16011017 | AL5: 0.13835302 | AM5: 0.12138303 | AN5: 0.028848403 | AP5: =SUMSQ(A5:AN5) -> 1 | AQ5: =SQRT(AP5) -> 1 | AS5: =B5/$AQ5 -> 0.070527085 | AT5: =C5/$AQ5 -> 0.20572758 | AU5: =D5/$AQ5 -> 0.36468174 | AV5: =E5/$AQ5 -> 0.32927443 | AW5: =F5/$AQ5 -> 0.25556769 | AX5: =G5/$AQ5 -> 0.17008177 | AY5: =H5/$AQ5 -> 0.20310502 | AZ5: =I5/$AQ5 -> 0.17862244 | ... CE5: =AN5/$AQ5 -> 0.028848403 | CG5: =SUMSQ(AR5:CE5) -> 1 | CH5: =SQRT(CG5) -> 1 | CJ5: =SUMPRODUCT($AS$1:$CE$1,AS5:CE5) -> 0.89767385
A6: Cercopithecus_cephus | B6: 0.070527085 | C6: 0.20572758 | D6: 0.36468174 | E6: 0.32927443 | F6: 0.25556769 | G6: 0.17008177 | H6: 0.20310502 | I6: 0.17862244 | J6: 0.19223048 | K6: 0.16245416 | L6: 0.089114148 | M6: 0.16519316 | N6: 0.060047878 | O6: 0.15293293 | P6: 0.13078381 | Q6: 0.10797868 | R6: 0.14025542 | S6: 0.12016037 | T6: 0.18385252 | U6: 0.061459247 | V6: 0.041889862 | W6: 0.24320649 | X6: 0.12401489 | Y6: 0.108193 | Z6: 0.13533265 | AA6: 0.17636824 | AB6: 0.16157501 | AC6: 0.067053541 | AD6: 0.083659911 | AE6: 0.045949959 | AF6: 0.1356818 | AG6: 0.1136457 | AH6: 0.15531932 | AI6: 0.12577261 | AJ6: 0.095563289 | AK6: 0.16011017 | AL6: 0.13835302 | AM6: 0.12138303 | AN6: 0.028848403 | AP6: =SUMSQ(A6:AN6) -> 1 | AQ6: =SQRT(AP6) -> 1 | AS6: =B6/$AQ6 -> 0.070527085 | AT6: =C6/$AQ6 -> 0.20572758 | AU6: =D6/$AQ6 -> 0.36468174 | AV6: =E6/$AQ6 -> 0.32927443 | AW6: =F6/$AQ6 -> 0.25556769 | AX6: =G6/$AQ6 -> 0.17008177 | AY6: =H6/$AQ6 -> 0.20310502 | AZ6: =I6/$AQ6 -> 0.17862244 | ... CE6: =AN6/$AQ6 -> 0.028848403 | CG6: =SUMSQ(AR6:CE6) -> 1 | CH6: =SQRT(CG6) -> 1 | CJ6: =SUMPRODUCT($AS$1:$CE$1,AS6:CE6) -> 0.89767385
A7: Cercopithecus_diana | B7: 0.070527085 | C7: 0.20572758 | D7: 0.36468174 | E7: 0.32927443 | F7: 0.25556769 | G7: 0.17008177 | H7: 0.20310502 | I7: 0.17862244 | J7: 0.19223048 | K7: 0.16245416 | L7: 0.089114148 | M7: 0.16519316 | N7: 0.060047878 | O7: 0.15293293 | P7: 0.13078381 | Q7: 0.10797868 | R7: 0.14025542 | S7: 0.12016037 | T7: 0.18385252 | U7: 0.061459247 | V7: 0.041889862 | W7: 0.24320649 | X7: 0.12401489 | Y7: 0.108193 | Z7: 0.13533265 | AA7: 0.17636824 | AB7: 0.16157501 | AC7: 0.067053541 | AD7: 0.083659911 | AE7: 0.045949959 | AF7: 0.1356818 | AG7: 0.1136457 | AH7: 0.15531932 | AI7: 0.12577261 | AJ7: 0.095563289 | AK7: 0.16011017 | AL7: 0.13835302 | AM7: 0.12138303 | AN7: 0.028848403 | AP7: =SUMSQ(A7:AN7) -> 1 | AQ7: =SQRT(AP7) -> 1 | AS7: =B7/$AQ7 -> 0.070527085 | AT7: =C7/$AQ7 -> 0.20572758 | AU7: =D7/$AQ7 -> 0.36468174 | AV7: =E7/$AQ7 -> 0.32927443 | AW7: =F7/$AQ7 -> 0.25556769 | AX7: =G7/$AQ7 -> 0.17008177 | AY7: =H7/$AQ7 -> 0.20310502 | AZ7: =I7/$AQ7 -> 0.17862244 | ... CE7: =AN7/$AQ7 -> 0.028848403 | CG7: =SUMSQ(AR7:CE7) -> 1 | CH7: =SQRT(CG7) -> 1 | CJ7: =SUMPRODUCT($AS$1:$CE$1,AS7:CE7) -> 0.89767385
A8: Cercopithecus_mitis | B8: 0.070527085 | C8: 0.20572758 | D8: 0.36468174 | E8: 0.32927443 | F8: 0.25556769 | G8: 0.17008177 | H8: 0.20310502 | I8: 0.17862244 | J8: 0.19223048 | K8: 0.16245416 | L8: 0.089114148 | M8: 0.16519316 | N8: 0.060047878 | O8: 0.15293293 | P8: 0.13078381 | Q8: 0.10797868 | R8: 0.14025542 | S8: 0.12016037 | T8: 0.18385252 | U8: 0.061459247 | V8: 0.041889862 | W8: 0.24320649 | X8: 0.12401489 | Y8: 0.108193 | Z8: 0.13533265 | AA8: 0.17636824 | AB8: 0.16157501 | AC8: 0.067053541 | AD8: 0.083659911 | AE8: 0.045949959 | AF8: 0.1356818 | AG8: 0.1136457 | AH8: 0.15531932 | AI8: 0.12577261 | AJ8: 0.095563289 | AK8: 0.16011017 | AL8: 0.13835302 | AM8: 0.12138303 | AN8: 0.028848403 | AP8: =SUMSQ(A8:AN8) -> 1 | AQ8: =SQRT(AP8) -> 1 | AS8: =B8/$AQ8 -> 0.070527085 | AT8: =C8/$AQ8 -> 0.20572758 | AU8: =D8/$AQ8 -> 0.36468174 | AV8: =E8/$AQ8 -> 0.32927443 | AW8: =F8/$AQ8 -> 0.25556769 | AX8: =G8/$AQ8 -> 0.17008177 | AY8: =H8/$AQ8 -> 0.20310502 | AZ8: =I8/$AQ8 -> 0.17862244 | ... CE8: =AN8/$AQ8 -> 0.028848403 | CG8: =SUMSQ(AR8:CE8) -> 1 | CH8: =SQRT(CG8) -> 1 | CJ8: =SUMPRODUCT($AS$1:$CE$1,AS8:CE8) -> 0.89767385
